-- phpMyAdmin SQL Dump
-- version 4.7.7
-- https://www.phpmyadmin.net/
--
-- Host: 127.0.0.1
-- Waktu pembuatan: 06 Jun 2020 pada 18.48
-- Versi server: 10.1.30-MariaDB
-- Versi PHP: 7.2.2

SET SQL_MODE = "NO_AUTO_VALUE_ON_ZERO";
SET AUTOCOMMIT = 0;
START TRANSACTION;
SET time_zone = "+00:00";


/*!40101 SET @OLD_CHARACTER_SET_CLIENT=@@CHARACTER_SET_CLIENT */;
/*!40101 SET @OLD_CHARACTER_SET_RESULTS=@@CHARACTER_SET_RESULTS */;
/*!40101 SET @OLD_COLLATION_CONNECTION=@@COLLATION_CONNECTION */;
/*!40101 SET NAMES utf8mb4 */;

--
-- Database: `evaluasidosen`
--

-- --------------------------------------------------------

--
-- Struktur dari tabel `akun`
--

CREATE TABLE `akun` (
  `iduser` varchar(32) NOT NULL,
  `nama` varchar(64) DEFAULT NULL,
  `password` varchar(64) DEFAULT NULL,
  `status` varchar(15) DEFAULT NULL
) ENGINE=InnoDB DEFAULT CHARSET=latin1;

--
-- Dumping data untuk tabel `akun`
--

INSERT INTO `akun` (`iduser`, `nama`, `password`, `status`) VALUES
('1.97706e17', 'Rinta Krida Lukmana, S.., M.T.,', 'dd4b21e9ef71e1291183a46b913ae6f2', 'dosen'),
('197007272000121001', 'Dr. R. Rizal Isnanto, S.T., M.M., M.T.', 'dd4b21e9ef71e1291183a46b913ae6f2', 'dosen'),
('197106061995121003', ' Agung Budi Prasetijo, S.T., M.I.T., Ph.D.', 'dd4b21e9ef71e1291183a46b913ae6f2', 'dosen'),
('197302261998021001', 'Dr. Adian Fatchur Rochim, S.T., M.T.', 'dd4b21e9ef71e1291183a46b913ae6f2', 'dosen'),
('197705262010121001', 'Eko Didik Widianto, S.T., M.T.,', 'dd4b21e9ef71e1291183a46b913ae6f2', 'dosen'),
('197910022009122001', 'Dr. Oky Dwi Nurhayati, S.T., M.T.,', 'dd4b21e9ef71e1291183a46b913ae6f2', 'dosen'),
('198101272018071001', 'Adnan Fauzi, S.T., M.Kom.', 'dd4b21e9ef71e1291183a46b913ae6f2', 'dosen'),
('198303192010121002', 'Kurniawan Teguh Martono, S.T., M.T.', 'dd4b21e9ef71e1291183a46b913ae6f2', 'dosen'),
('198412062010122008', 'Ike Pertiwi Windasari, S.T., M.T.', 'dd4b21e9ef71e1291183a46b913ae6f2', 'dosen'),
('198906042018071001', 'Yudi Eko Windarto S.T., M.Kom. ', 'dd4b21e9ef71e1291183a46b913ae6f2', 'dosen'),
('198909122019032012', 'Risma Septiana S.T., M.Eng.', 'dd4b21e9ef71e1291183a46b913ae6f2', 'dosen'),
('198910132015042002', 'Dania Eridani, S.T., M.Eng.', 'dd4b21e9ef71e1291183a46b913ae6f2', 'dosen'),
('199109042018071001', 'Kuntoro Adi Nugroho S.T., M.Eng.', 'dd4b21e9ef71e1291183a46b913ae6f2', 'dosen'),
('21120113120038', 'MOHAMMAD FAHMI MAULANA', 'dd4b21e9ef71e1291183a46b913ae6f2', 'mahasiswa'),
('21120113130073', 'GILANG DHIMAS YURISTA NUGRAHA', 'dd4b21e9ef71e1291183a46b913ae6f2', 'mahasiswa'),
('21120113130080', 'AMMAR FADHIL AHMAD', 'dd4b21e9ef71e1291183a46b913ae6f2', 'mahasiswa'),
('21120113130097', 'BAPTISTA VARANI YOVIE W.N.', 'dd4b21e9ef71e1291183a46b913ae6f2', 'mahasiswa'),
('21120113130098', 'ADITYA RIZQI Y', 'dd4b21e9ef71e1291183a46b913ae6f2', 'mahasiswa'),
('21120113140081', 'EKO PRASETYO', 'dd4b21e9ef71e1291183a46b913ae6f2', 'mahasiswa'),
('21120114120023', 'HERDIANTO SETYO N', 'dd4b21e9ef71e1291183a46b913ae6f2', 'mahasiswa'),
('21120114120031', 'RIZKI PUTRA PERDANA', 'dd4b21e9ef71e1291183a46b913ae6f2', 'mahasiswa'),
('21120114120034', 'IKHSAN CHAKIM', 'dd4b21e9ef71e1291183a46b913ae6f2', 'mahasiswa'),
('21120114120049', 'RIZKI OKTAVIA NINGRUM', 'dd4b21e9ef71e1291183a46b913ae6f2', 'mahasiswa'),
('21120114130064', 'ELVINE PUTRA K', 'dd4b21e9ef71e1291183a46b913ae6f2', 'mahasiswa'),
('21120114130069', 'YUSUF ABDUL HAKIM', 'dd4b21e9ef71e1291183a46b913ae6f2', 'mahasiswa'),
('21120114130082', 'ARDIAN PRADIPTA', 'dd4b21e9ef71e1291183a46b913ae6f2', 'mahasiswa'),
('21120114130086', 'SITI LINA SURYANINGSIH', 'dd4b21e9ef71e1291183a46b913ae6f2', 'mahasiswa'),
('21120114130088', 'AYODYA ALIAN PURBA', 'dd4b21e9ef71e1291183a46b913ae6f2', 'mahasiswa'),
('21120114130090', 'RAMOTI YOB SILALAHI', 'dd4b21e9ef71e1291183a46b913ae6f2', 'mahasiswa'),
('21120114130091', 'RIZKY RANDA ISMAIL', 'dd4b21e9ef71e1291183a46b913ae6f2', 'mahasiswa'),
('21120114130097', 'MELIA PRISCA HAPSARI', 'dd4b21e9ef71e1291183a46b913ae6f2', 'mahasiswa'),
('21120114140099', 'MARIA VENI SANCTI WAEMAME', 'dd4b21e9ef71e1291183a46b913ae6f2', 'mahasiswa'),
('21120114140104', 'AUZAN TOUVIANDI', 'dd4b21e9ef71e1291183a46b913ae6f2', 'mahasiswa'),
('21120115120008', 'MUHAMMAD AFWAN', 'dd4b21e9ef71e1291183a46b913ae6f2', 'mahasiswa'),
('21120115120010', 'SEPTIRIDHO PUTRA', 'dd4b21e9ef71e1291183a46b913ae6f2', 'mahasiswa'),
('21120115120012', 'LATIPATUL HILMI', 'dd4b21e9ef71e1291183a46b913ae6f2', 'mahasiswa'),
('21120115120036', 'FAJARIAH FITRIANI NASUTION', 'dd4b21e9ef71e1291183a46b913ae6f2', 'mahasiswa'),
('21120115120039', 'MUCHAMMAD DWI CAHYO NUGROHO', 'dd4b21e9ef71e1291183a46b913ae6f2', 'mahasiswa'),
('21120115120043', 'YOSUA AUDI NUGRAHA', 'dd4b21e9ef71e1291183a46b913ae6f2', 'mahasiswa'),
('21120115130050', 'AGUNG EKA SAPUTRA', 'dd4b21e9ef71e1291183a46b913ae6f2', 'mahasiswa'),
('21120115130054', 'MOCHAMAD FANDI', 'dd4b21e9ef71e1291183a46b913ae6f2', 'mahasiswa'),
('21120115130060', 'ARENDARAMA DANUARTA', 'dd4b21e9ef71e1291183a46b913ae6f2', 'mahasiswa'),
('21120115130061', 'MUHAMMAD RIFAI', 'dd4b21e9ef71e1291183a46b913ae6f2', 'mahasiswa'),
('21120115130090', 'VLA CUSDI SIBARANI', 'dd4b21e9ef71e1291183a46b913ae6f2', 'mahasiswa'),
('21120115140080', 'WAHYU WIJAYA KUSUMA', 'dd4b21e9ef71e1291183a46b913ae6f2', 'mahasiswa'),
('21120115140083', 'BAYU DEWANTARA', 'dd4b21e9ef71e1291183a46b913ae6f2', 'mahasiswa'),
('21120116120002', 'TENGKU KEMAL YUSRON HASIBUAN', 'dd4b21e9ef71e1291183a46b913ae6f2', 'mahasiswa'),
('21120116120003', 'MUHAMMAD RIZKI NUR MAJIID', 'dd4b21e9ef71e1291183a46b913ae6f2', 'mahasiswa'),
('21120116120004', 'EVITA CINDY SEPTIVIANI', 'dd4b21e9ef71e1291183a46b913ae6f2', 'mahasiswa'),
('21120116120005', 'GUNTUR DWI CAHYONO', 'dd4b21e9ef71e1291183a46b913ae6f2', 'mahasiswa'),
('21120116120006', 'MONANZARIFA YONANTA', 'dd4b21e9ef71e1291183a46b913ae6f2', 'mahasiswa'),
('21120116120007', 'KORNELIUS SATRIA BUDIYANTO', 'dd4b21e9ef71e1291183a46b913ae6f2', 'mahasiswa'),
('21120116120008', 'AGUSTIAWAN', 'dd4b21e9ef71e1291183a46b913ae6f2', 'mahasiswa'),
('21120116120009', 'AHMAD SHOFIE HILMI', 'dd4b21e9ef71e1291183a46b913ae6f2', 'mahasiswa'),
('21120116120010', 'MUTIARA VICTORINA M.', 'dd4b21e9ef71e1291183a46b913ae6f2', 'mahasiswa'),
('21120116120011', 'RIO JULIAN AZIS PRATAMA', 'dd4b21e9ef71e1291183a46b913ae6f2', 'mahasiswa'),
('21120116120012', 'RATNA YULI HIMAWATI', 'dd4b21e9ef71e1291183a46b913ae6f2', 'mahasiswa'),
('21120116120013', 'HASYIM DAHLAN ATTAUFIQI', 'dd4b21e9ef71e1291183a46b913ae6f2', 'mahasiswa'),
('21120116120014', 'FAISAL RIZKY RAHADIAN', 'dd4b21e9ef71e1291183a46b913ae6f2', 'mahasiswa'),
('21120116120015', 'FAVO PERDANA HADIYANTO SAPUTRA', 'dd4b21e9ef71e1291183a46b913ae6f2', 'mahasiswa'),
('21120116120016', 'AMARA RANINDHITA', 'dd4b21e9ef71e1291183a46b913ae6f2', 'mahasiswa'),
('21120116120017', 'SEPTI NURNA ALFIANI', 'dd4b21e9ef71e1291183a46b913ae6f2', 'mahasiswa'),
('21120116120018', 'AFIF SYARIFUDDIN YAHYA', 'dd4b21e9ef71e1291183a46b913ae6f2', 'mahasiswa'),
('21120116120019', 'PRAWITO', 'dd4b21e9ef71e1291183a46b913ae6f2', 'mahasiswa'),
('21120116120020', 'USMAN RALIH MUIS', 'dd4b21e9ef71e1291183a46b913ae6f2', 'mahasiswa'),
('21120116120022', 'IRNAWATY ISABELLA SILALAHI', 'dd4b21e9ef71e1291183a46b913ae6f2', 'mahasiswa'),
('21120116120023', 'EDHO SULENDA SATRIO PAMBUDI', 'dd4b21e9ef71e1291183a46b913ae6f2', 'mahasiswa'),
('21120116120024', 'DEMARA RAMADHANI', 'dd4b21e9ef71e1291183a46b913ae6f2', 'mahasiswa'),
('21120116120025', 'BUSYROO BUSYAIRIE', 'dd4b21e9ef71e1291183a46b913ae6f2', 'mahasiswa'),
('21120116120027', 'MARTIN JOHAN SIAGIAN', 'dd4b21e9ef71e1291183a46b913ae6f2', 'mahasiswa'),
('21120116120028', 'AHMAD RINDHONI', 'dd4b21e9ef71e1291183a46b913ae6f2', 'mahasiswa'),
('21120116120029', 'LAILA NUR AINI', 'dd4b21e9ef71e1291183a46b913ae6f2', 'mahasiswa'),
('21120116120031', 'NISRINA FAUZIAH', 'dd4b21e9ef71e1291183a46b913ae6f2', 'mahasiswa'),
('21120116120032', 'PRIMUS WIDYA PRABANDONO', 'dd4b21e9ef71e1291183a46b913ae6f2', 'mahasiswa'),
('21120116120033', 'MUHAMMAD IKHSAN', 'dd4b21e9ef71e1291183a46b913ae6f2', 'mahasiswa'),
('21120116130035', 'ALFIAN AULIA FIRDAUS', 'dd4b21e9ef71e1291183a46b913ae6f2', 'mahasiswa'),
('21120116130036', 'MUHAMMAD MUHARRIK AL-ISLAMY', 'dd4b21e9ef71e1291183a46b913ae6f2', 'mahasiswa'),
('21120116130037', 'AKHMAD ALI SAJIDIN', 'dd4b21e9ef71e1291183a46b913ae6f2', 'mahasiswa'),
('21120116130041', 'MUHAMAD KHODERI', 'dd4b21e9ef71e1291183a46b913ae6f2', 'mahasiswa'),
('21120116130042', 'VANIA ARIYANI PRILIA PUTRI', 'dd4b21e9ef71e1291183a46b913ae6f2', 'mahasiswa'),
('21120116130044', 'VERONIKA PUTRI INDAH BESTARI', 'dd4b21e9ef71e1291183a46b913ae6f2', 'mahasiswa'),
('21120116130046', 'NADIA FEBRIANITA GUNARTO', 'dd4b21e9ef71e1291183a46b913ae6f2', 'mahasiswa'),
('21120116130047', 'RENA VISI NURAINI', 'dd4b21e9ef71e1291183a46b913ae6f2', 'mahasiswa'),
('21120116130048', 'FAHMI AZIZ TRIANTO', 'dd4b21e9ef71e1291183a46b913ae6f2', 'mahasiswa'),
('21120116130049', 'MUHAMMAD HAFIZ TSALAVIN', 'dd4b21e9ef71e1291183a46b913ae6f2', 'mahasiswa'),
('21120116130056', 'MUHAMMAD RIZKI', 'dd4b21e9ef71e1291183a46b913ae6f2', 'mahasiswa'),
('21120116130057', 'ZAINIYATUS SA`ADAH', 'dd4b21e9ef71e1291183a46b913ae6f2', 'mahasiswa'),
('21120116130059', 'AFIF WICAKSONO', 'dd4b21e9ef71e1291183a46b913ae6f2', 'mahasiswa'),
('21120116130060', 'RIO KISNA EKA PUTRA', 'dd4b21e9ef71e1291183a46b913ae6f2', 'mahasiswa'),
('21120116130061', 'YOGIE MEYSA TAMA', 'dd4b21e9ef71e1291183a46b913ae6f2', 'mahasiswa'),
('21120116130063', 'FATURACHMAN ASYARI OKTAVIAN', 'dd4b21e9ef71e1291183a46b913ae6f2', 'mahasiswa'),
('21120116130065', 'ADAM MAULIDANI', 'dd4b21e9ef71e1291183a46b913ae6f2', 'mahasiswa'),
('21120116130066', 'KHOIRUNISA WIDYANINGRUM', 'dd4b21e9ef71e1291183a46b913ae6f2', 'mahasiswa'),
('21120116130067', 'FAJAR RIZKI NAHARI', 'dd4b21e9ef71e1291183a46b913ae6f2', 'mahasiswa'),
('21120116130075', 'ADE SAPUTRA', 'dd4b21e9ef71e1291183a46b913ae6f2', 'mahasiswa'),
('21120116130076', 'DAUD DIMAS PRASETYO', 'dd4b21e9ef71e1291183a46b913ae6f2', 'mahasiswa'),
('21120116130080', 'RAHARDIAN YOGATAMA', 'dd4b21e9ef71e1291183a46b913ae6f2', 'mahasiswa'),
('21120116130084', 'SAIFULLAH FIKRI', 'dd4b21e9ef71e1291183a46b913ae6f2', 'mahasiswa'),
('21120116140034', 'RATRI KUSUMASTUTI', 'dd4b21e9ef71e1291183a46b913ae6f2', 'mahasiswa'),
('21120116140039', 'TENDI NUGERAHA WIJAYA', 'dd4b21e9ef71e1291183a46b913ae6f2', 'mahasiswa'),
('21120116140045', 'HISYAM POHAN', 'dd4b21e9ef71e1291183a46b913ae6f2', 'mahasiswa'),
('21120116140050', 'WILDAN AUFA HANIF BAGASSURYA', 'dd4b21e9ef71e1291183a46b913ae6f2', 'mahasiswa'),
('21120116140051', 'NADYA ARUMDA', 'dd4b21e9ef71e1291183a46b913ae6f2', 'mahasiswa'),
('21120116140053', 'ABDA RAFI HAMAMINATA', 'dd4b21e9ef71e1291183a46b913ae6f2', 'mahasiswa'),
('21120116140054', 'MUHAMAD DODI ILYANA', 'dd4b21e9ef71e1291183a46b913ae6f2', 'mahasiswa'),
('21120116140062', 'FAHMI MAGHRIZAL MOCHTAR', 'dd4b21e9ef71e1291183a46b913ae6f2', 'mahasiswa'),
('21120116140064', 'MUHAMMAD ADITYA NUGRAHA', 'dd4b21e9ef71e1291183a46b913ae6f2', 'mahasiswa'),
('21120116140069', 'RIO LUTFI ADIPRADANA', 'dd4b21e9ef71e1291183a46b913ae6f2', 'mahasiswa'),
('21120116140070', 'AZIZAH KAMALIA', 'dd4b21e9ef71e1291183a46b913ae6f2', 'mahasiswa'),
('21120116140071', 'AGYAN ATMA VILLANTYA', 'dd4b21e9ef71e1291183a46b913ae6f2', 'mahasiswa'),
('21120116140072', 'DIMAS LUHUR SULISTYA', 'dd4b21e9ef71e1291183a46b913ae6f2', 'mahasiswa'),
('21120116140074', 'INTISHAR NUR ANNISA', 'dd4b21e9ef71e1291183a46b913ae6f2', 'mahasiswa'),
('21120116140077', 'KELVIN JOHN RINGORINGO', 'dd4b21e9ef71e1291183a46b913ae6f2', 'mahasiswa'),
('21120116140078', 'JEREMY KARISMA MESALINRI', 'dd4b21e9ef71e1291183a46b913ae6f2', 'mahasiswa'),
('21120116140083', 'MALIK ABDURRAHMAN HAKIM', 'dd4b21e9ef71e1291183a46b913ae6f2', 'mahasiswa'),
('21120116140087', 'MUHAMMAD TAQIYUDDIN', 'dd4b21e9ef71e1291183a46b913ae6f2', 'mahasiswa'),
('21120116140088', 'ATHA DWIRA PERDANA', 'dd4b21e9ef71e1291183a46b913ae6f2', 'mahasiswa'),
('21120117100037', 'FRANSISKA TEBAY', 'dd4b21e9ef71e1291183a46b913ae6f2', 'mahasiswa'),
('21120117100038', 'LISA RUTH HYARANGGA', 'dd4b21e9ef71e1291183a46b913ae6f2', 'mahasiswa'),
('21120117110001', 'GERALDI BYANTARA WISESA', 'dd4b21e9ef71e1291183a46b913ae6f2', 'mahasiswa'),
('21120117120002', 'NARESWARI DYAH PUSPANINGRUM', 'dd4b21e9ef71e1291183a46b913ae6f2', 'mahasiswa'),
('21120117120003', 'PRIO PAMBUDI', 'dd4b21e9ef71e1291183a46b913ae6f2', 'mahasiswa'),
('21120117120004', 'RAFLI ADHIYAKSA PUTRA', 'dd4b21e9ef71e1291183a46b913ae6f2', 'mahasiswa'),
('21120117120005', 'UMI KHOIRYATIN M S', 'dd4b21e9ef71e1291183a46b913ae6f2', 'mahasiswa'),
('21120117120006', 'MAFTUKHAH DWI UTAMI', 'dd4b21e9ef71e1291183a46b913ae6f2', 'mahasiswa'),
('21120117120007', 'KUKUH PRANATA SUGIARTO', 'dd4b21e9ef71e1291183a46b913ae6f2', 'mahasiswa'),
('21120117120008', 'LUQMAN SETYO NUGROHO', 'dd4b21e9ef71e1291183a46b913ae6f2', 'mahasiswa'),
('21120117120009', 'DONI HERMAWAN', 'dd4b21e9ef71e1291183a46b913ae6f2', 'mahasiswa'),
('21120117120010', 'LAURENSIA DIVINA DEWI FORTUNA', 'dd4b21e9ef71e1291183a46b913ae6f2', 'mahasiswa'),
('21120117120011', 'NAUFAL MUHAMMAD SHAFA', 'dd4b21e9ef71e1291183a46b913ae6f2', 'mahasiswa'),
('21120117120012', 'NANDA HIDAYATULLAH ABADI', 'dd4b21e9ef71e1291183a46b913ae6f2', 'mahasiswa'),
('21120117120013', 'MULAZI', 'dd4b21e9ef71e1291183a46b913ae6f2', 'mahasiswa'),
('21120117120014', 'M IRFAN SYARIF H', 'dd4b21e9ef71e1291183a46b913ae6f2', 'mahasiswa'),
('21120117120015', 'DIMAS PUTU GUMIWANG', 'dd4b21e9ef71e1291183a46b913ae6f2', 'mahasiswa'),
('21120117120017', 'DIVIANIS OKTAVIYANI', 'dd4b21e9ef71e1291183a46b913ae6f2', 'mahasiswa'),
('21120117120018', 'NURHADIYATUSSHOLIHAH', 'dd4b21e9ef71e1291183a46b913ae6f2', 'mahasiswa'),
('21120117120019', 'CAKRAWATI', 'dd4b21e9ef71e1291183a46b913ae6f2', 'mahasiswa'),
('21120117120020', 'DESY KRISDIAN REJO WORO ASTUTI', 'dd4b21e9ef71e1291183a46b913ae6f2', 'mahasiswa'),
('21120117120021', 'RAMADHANI BATARI SYAH N', 'dd4b21e9ef71e1291183a46b913ae6f2', 'mahasiswa'),
('21120117120022', 'HEIDI AMELLIE AYU ASTRIA', 'dd4b21e9ef71e1291183a46b913ae6f2', 'mahasiswa'),
('21120117120023', 'HENI NURUL KHOLIFAH', 'dd4b21e9ef71e1291183a46b913ae6f2', 'mahasiswa'),
('21120117120024', 'DWI SUPARDIYONO', 'dd4b21e9ef71e1291183a46b913ae6f2', 'mahasiswa'),
('21120117120025', 'LITA MUFLIKHA', 'dd4b21e9ef71e1291183a46b913ae6f2', 'mahasiswa'),
('21120117120026', 'OBED JECK GREDO TARIGAN', 'dd4b21e9ef71e1291183a46b913ae6f2', 'mahasiswa'),
('21120117120027', 'RATNA NURUL FAJRIYA', 'dd4b21e9ef71e1291183a46b913ae6f2', 'mahasiswa'),
('21120117120028', 'PETRICK JUBEL ELIEZER', 'dd4b21e9ef71e1291183a46b913ae6f2', 'mahasiswa'),
('21120117120029', 'SISKAWATI SIANIPAR', 'dd4b21e9ef71e1291183a46b913ae6f2', 'mahasiswa'),
('21120117120030', 'DINA LUSIANA', 'dd4b21e9ef71e1291183a46b913ae6f2', 'mahasiswa'),
('21120117120031', 'M.GESIT ALIFANDI', 'dd4b21e9ef71e1291183a46b913ae6f2', 'mahasiswa'),
('21120117120032', 'AYU NOVITA MEI ULAWATI', 'dd4b21e9ef71e1291183a46b913ae6f2', 'mahasiswa'),
('21120117120033', 'FAJRUL FALAH', 'dd4b21e9ef71e1291183a46b913ae6f2', 'mahasiswa'),
('21120117120034', 'ALDIO BANGKIT WIJAYA', 'dd4b21e9ef71e1291183a46b913ae6f2', 'mahasiswa'),
('21120117130035', 'HEIDY NOVENDRA', 'dd4b21e9ef71e1291183a46b913ae6f2', 'mahasiswa'),
('21120117130040', 'HIZKIA JOSEF ADI PRADANA', 'dd4b21e9ef71e1291183a46b913ae6f2', 'mahasiswa'),
('21120117130041', 'DAFFA SHIDQI HARAMAINI', 'dd4b21e9ef71e1291183a46b913ae6f2', 'mahasiswa'),
('21120117130044', 'MUHAMMAD AFISHAL FAKHRI', 'dd4b21e9ef71e1291183a46b913ae6f2', 'mahasiswa'),
('21120117130045', 'MUHAMAD RIZAL DWI CAHYO', 'dd4b21e9ef71e1291183a46b913ae6f2', 'mahasiswa'),
('21120117130046', 'YUSUF VALENT ADYATOMO', 'dd4b21e9ef71e1291183a46b913ae6f2', 'mahasiswa'),
('21120117130047', 'NOVAZIRA. A.F', 'dd4b21e9ef71e1291183a46b913ae6f2', 'mahasiswa'),
('21120117130048', 'NOBI KHARISMA', 'dd4b21e9ef71e1291183a46b913ae6f2', 'mahasiswa'),
('21120117130049', 'YARNISH DWI SAGITA FIDARLIYAN', 'dd4b21e9ef71e1291183a46b913ae6f2', 'mahasiswa'),
('21120117130050', 'ORYZA SATIFHA ANDESTI', 'dd4b21e9ef71e1291183a46b913ae6f2', 'mahasiswa'),
('21120117130051', 'ALVIN ELIAN ABIYYI', 'dd4b21e9ef71e1291183a46b913ae6f2', 'mahasiswa'),
('21120117130052', 'ANDHIKA FITRA SETYAWAN', 'dd4b21e9ef71e1291183a46b913ae6f2', 'mahasiswa'),
('21120117130053', 'GAGAH PRISTIYAPUTRA', 'dd4b21e9ef71e1291183a46b913ae6f2', 'mahasiswa'),
('21120117130054', 'JONATHAN IMAGO DEI GLORIAWAN', 'dd4b21e9ef71e1291183a46b913ae6f2', 'mahasiswa'),
('21120117130055', 'TEDY ANGGI FIRDAUS', 'dd4b21e9ef71e1291183a46b913ae6f2', 'mahasiswa'),
('21120117130056', 'OKKY NURNANDA PANGESTULARAS', 'dd4b21e9ef71e1291183a46b913ae6f2', 'mahasiswa'),
('21120117130057', 'DIMAS ALDI KARTIKA', 'dd4b21e9ef71e1291183a46b913ae6f2', 'mahasiswa'),
('21120117130058', 'M. SAYYIDUS SHALEH Y.', 'dd4b21e9ef71e1291183a46b913ae6f2', 'mahasiswa'),
('21120117130059', 'TASYA CHANDRA ICHA PRATIWI', 'dd4b21e9ef71e1291183a46b913ae6f2', 'mahasiswa'),
('21120117130060', 'FAIZ NOERDIYAN CESARA', 'dd4b21e9ef71e1291183a46b913ae6f2', 'mahasiswa'),
('21120117130061', 'FIQRI ABDILAH', 'dd4b21e9ef71e1291183a46b913ae6f2', 'mahasiswa'),
('21120117130063', 'ERIKA CLARA SIMANJUNTAK', 'dd4b21e9ef71e1291183a46b913ae6f2', 'mahasiswa'),
('21120117130064', 'IRVAN RIFQI SYAEFULLOH', 'dd4b21e9ef71e1291183a46b913ae6f2', 'mahasiswa'),
('21120117130066', 'DAROMY DAROJAT', 'dd4b21e9ef71e1291183a46b913ae6f2', 'mahasiswa'),
('21120117130067', 'IKHSAN ACHMAD IRSYAD', 'dd4b21e9ef71e1291183a46b913ae6f2', 'mahasiswa'),
('21120117130068', 'DINISYA ZALFA WAFI', 'dd4b21e9ef71e1291183a46b913ae6f2', 'mahasiswa'),
('21120117130070', 'CHANDRA PURNAMA WIJAYA', 'dd4b21e9ef71e1291183a46b913ae6f2', 'mahasiswa'),
('21120117130071', 'NUUR SIRAJUDDIN FARUQ', 'dd4b21e9ef71e1291183a46b913ae6f2', 'mahasiswa'),
('21120117130072', 'KURNIASARI', 'dd4b21e9ef71e1291183a46b913ae6f2', 'mahasiswa'),
('21120117130073', 'MUHAMMAD FACHRURROZY', 'dd4b21e9ef71e1291183a46b913ae6f2', 'mahasiswa'),
('21120117130074', 'MUHAMMAD ULUL FADLI', 'dd4b21e9ef71e1291183a46b913ae6f2', 'mahasiswa'),
('21120117130075', 'AFRIZAL BAGAS SANTOSO', 'dd4b21e9ef71e1291183a46b913ae6f2', 'mahasiswa'),
('21120117130077', 'SETYO ADHI PURWITO', 'dd4b21e9ef71e1291183a46b913ae6f2', 'mahasiswa'),
('21120117130078', 'MUHAMMAD FADHLI HISYAM', 'dd4b21e9ef71e1291183a46b913ae6f2', 'mahasiswa'),
('21120117130079', 'AKHMAD ARIEF WIDODO', 'dd4b21e9ef71e1291183a46b913ae6f2', 'mahasiswa'),
('21120117130081', 'FAIZA AWALIA', 'dd4b21e9ef71e1291183a46b913ae6f2', 'mahasiswa'),
('21120117130082', 'TANGGUH TRI PRASETYO', 'dd4b21e9ef71e1291183a46b913ae6f2', 'mahasiswa'),
('21120117130083', 'TANU PRAHATAMA HAFIYYAN', 'dd4b21e9ef71e1291183a46b913ae6f2', 'mahasiswa'),
('21120117140002', 'IMAM GHOZALI', 'dd4b21e9ef71e1291183a46b913ae6f2', 'mahasiswa'),
('21120117140003', 'M.RISQULLAH NAUFAL Y', 'dd4b21e9ef71e1291183a46b913ae6f2', 'mahasiswa'),
('21120117140004', 'AGUNG BUDI PRAKOSO', 'dd4b21e9ef71e1291183a46b913ae6f2', 'mahasiswa'),
('21120117140005', 'FARHAN MAZARIO', 'dd4b21e9ef71e1291183a46b913ae6f2', 'mahasiswa'),
('21120117140007', 'M. RIZQI ALFANI', 'dd4b21e9ef71e1291183a46b913ae6f2', 'mahasiswa'),
('21120117140008', 'ANGGARA DIEBRATA', 'dd4b21e9ef71e1291183a46b913ae6f2', 'mahasiswa'),
('21120117140009', 'DITA ANANDA ELISA REVIANA', 'dd4b21e9ef71e1291183a46b913ae6f2', 'mahasiswa'),
('21120117140010', 'ABBIYU KIRANA DISTIRA', 'dd4b21e9ef71e1291183a46b913ae6f2', 'mahasiswa'),
('21120117140011', 'MUHAMMAD ZULFIKAR ISNANTO', 'dd4b21e9ef71e1291183a46b913ae6f2', 'mahasiswa'),
('21120117140013', 'ANDRO ADHITA PRATAMA', 'dd4b21e9ef71e1291183a46b913ae6f2', 'mahasiswa'),
('21120117140014', 'ARA FASAKA ARDANTA', 'dd4b21e9ef71e1291183a46b913ae6f2', 'mahasiswa'),
('21120117140015', 'IRGANTARA ARDA PRATAMA', 'dd4b21e9ef71e1291183a46b913ae6f2', 'mahasiswa'),
('21120117140016', 'MAHANI HALWA', 'dd4b21e9ef71e1291183a46b913ae6f2', 'mahasiswa'),
('21120117140018', 'MOCH CHAMDAN ERBONO', 'dd4b21e9ef71e1291183a46b913ae6f2', 'mahasiswa'),
('21120117140019', 'WAHYU AJI SULAIMAN', 'dd4b21e9ef71e1291183a46b913ae6f2', 'mahasiswa'),
('21120117140020', 'ARYO ANINDYO ABHINOWO', 'dd4b21e9ef71e1291183a46b913ae6f2', 'mahasiswa'),
('21120117140021', 'AFIF MAKRUF', 'dd4b21e9ef71e1291183a46b913ae6f2', 'mahasiswa'),
('21120117140022', 'ELVITRO GUMELAR AGUNG', 'dd4b21e9ef71e1291183a46b913ae6f2', 'mahasiswa'),
('21120117140023', 'RAMA FEBRIANSYAH', 'dd4b21e9ef71e1291183a46b913ae6f2', 'mahasiswa'),
('21120117140024', 'ARYA NARADANA', 'dd4b21e9ef71e1291183a46b913ae6f2', 'mahasiswa'),
('21120117140025', 'KURNIA LUQMAN MAJID', 'dd4b21e9ef71e1291183a46b913ae6f2', 'mahasiswa'),
('21120117140026', 'JULIAN MANUEL', 'dd4b21e9ef71e1291183a46b913ae6f2', 'mahasiswa'),
('21120117140027', 'JUAN ADHIASTA PRATAMA', 'dd4b21e9ef71e1291183a46b913ae6f2', 'mahasiswa'),
('21120117140028', 'MUHAMMAD HANIF ATTHARIQ', 'dd4b21e9ef71e1291183a46b913ae6f2', 'mahasiswa'),
('21120117140029', 'MUHAMMAD GILANG RAMADHAN', 'dd4b21e9ef71e1291183a46b913ae6f2', 'mahasiswa'),
('21120117140030', 'YUDHI KASIH PASARIBU', 'dd4b21e9ef71e1291183a46b913ae6f2', 'mahasiswa'),
('21120117140031', 'JEREMIA JOSEPH P', 'dd4b21e9ef71e1291183a46b913ae6f2', 'mahasiswa'),
('21120117140032', 'MUSLIM', 'dd4b21e9ef71e1291183a46b913ae6f2', 'mahasiswa'),
('21120118110001', 'AHMAD NAUFAL ATHAYA', 'dd4b21e9ef71e1291183a46b913ae6f2', 'mahasiswa'),
('21120118110002', 'MUHAMMAD SYAFIQUL MAHDI', 'dd4b21e9ef71e1291183a46b913ae6f2', 'mahasiswa'),
('21120118120003', 'BAGUS ANDHIKA KURNIA WIBOWO ANSORI', 'dd4b21e9ef71e1291183a46b913ae6f2', 'mahasiswa'),
('21120118120004', 'DANANG ACHMAD FAUZI', 'dd4b21e9ef71e1291183a46b913ae6f2', 'mahasiswa'),
('21120118120006', 'AFRINA AYU INSANI', 'dd4b21e9ef71e1291183a46b913ae6f2', 'mahasiswa'),
('21120118120009', 'MUHAMMAD RIDWAN', 'dd4b21e9ef71e1291183a46b913ae6f2', 'mahasiswa'),
('21120118120010', 'ALVIN ZULHAM FIRDANANTA', 'dd4b21e9ef71e1291183a46b913ae6f2', 'mahasiswa'),
('21120118120011', 'WINDA NAIBAHO', 'dd4b21e9ef71e1291183a46b913ae6f2', 'mahasiswa'),
('21120118120013', 'PATRICIA JUSTIN RUSTAM', 'dd4b21e9ef71e1291183a46b913ae6f2', 'mahasiswa'),
('21120118120014', 'LINA AULIA', 'dd4b21e9ef71e1291183a46b913ae6f2', 'mahasiswa'),
('21120118120016', 'MICHAEL NATHAN', 'dd4b21e9ef71e1291183a46b913ae6f2', 'mahasiswa'),
('21120118120017', 'MUHAMMAD EDI ILFA', 'dd4b21e9ef71e1291183a46b913ae6f2', 'mahasiswa'),
('21120118120018', 'MAULANA ILHAM MUDHIN GHOZALI', 'dd4b21e9ef71e1291183a46b913ae6f2', 'mahasiswa'),
('21120118120019', 'MUHAMAD IRHAM MAULANA', 'dd4b21e9ef71e1291183a46b913ae6f2', 'mahasiswa'),
('21120118120020', 'DESSINTA DWI RAHMADANI', 'dd4b21e9ef71e1291183a46b913ae6f2', 'mahasiswa'),
('21120118120021', 'ALDY SUFRIYANTO', 'dd4b21e9ef71e1291183a46b913ae6f2', 'mahasiswa'),
('21120118120022', 'KHUSNUL KHOTIMAH', 'dd4b21e9ef71e1291183a46b913ae6f2', 'mahasiswa'),
('21120118120023', 'BERNITA FEBRIHATIN', 'dd4b21e9ef71e1291183a46b913ae6f2', 'mahasiswa'),
('21120118120024', 'JEREMY MARTIN SIMANJUNTAK', 'dd4b21e9ef71e1291183a46b913ae6f2', 'mahasiswa'),
('21120118120025', 'ALVIN ALVRAHESTA', 'dd4b21e9ef71e1291183a46b913ae6f2', 'mahasiswa'),
('21120118120026', 'PUTRI ROHMAWATI', 'dd4b21e9ef71e1291183a46b913ae6f2', 'mahasiswa'),
('21120118120027', 'AYUNDA MITA APRILIA', 'dd4b21e9ef71e1291183a46b913ae6f2', 'mahasiswa'),
('21120118120028', 'AHMAD HUFRON', 'dd4b21e9ef71e1291183a46b913ae6f2', 'mahasiswa'),
('21120118120029', 'ICHSAN ARSYI PUTRA', 'dd4b21e9ef71e1291183a46b913ae6f2', 'mahasiswa'),
('21120118120030', 'ATIKA FAUZIYAH', 'dd4b21e9ef71e1291183a46b913ae6f2', 'mahasiswa'),
('21120118120031', 'YUNITA ANDRIANA', 'dd4b21e9ef71e1291183a46b913ae6f2', 'mahasiswa'),
('21120118120032', 'WAHYU LIGA SAPUTRA', 'dd4b21e9ef71e1291183a46b913ae6f2', 'mahasiswa'),
('21120118120033', 'KHOLID SYAIFULLAH', 'dd4b21e9ef71e1291183a46b913ae6f2', 'mahasiswa'),
('21120118120034', 'NORMA SAKINAH', 'dd4b21e9ef71e1291183a46b913ae6f2', 'mahasiswa'),
('21120118120036', 'MUHAMMAD ADIB BOWO LAKSONO', 'dd4b21e9ef71e1291183a46b913ae6f2', 'mahasiswa'),
('21120118120037', 'DWI NURFATMA', 'dd4b21e9ef71e1291183a46b913ae6f2', 'mahasiswa'),
('21120118120038', 'KHOIRUN NISA\' AYU HANDAYANI', 'dd4b21e9ef71e1291183a46b913ae6f2', 'mahasiswa'),
('21120118120039', 'WISNU ADI PRAMONO', 'dd4b21e9ef71e1291183a46b913ae6f2', 'mahasiswa'),
('21120118120040', 'DEWINA PUTRI FIRMANI', 'dd4b21e9ef71e1291183a46b913ae6f2', 'mahasiswa'),
('21120118130045', 'DEVAN ARGA MAHENDRA', 'dd4b21e9ef71e1291183a46b913ae6f2', 'mahasiswa'),
('21120118130046', 'MUCHAMMAD IBNU MAULANA', 'dd4b21e9ef71e1291183a46b913ae6f2', 'mahasiswa'),
('21120118130047', 'HILAL HANIEFAM', 'dd4b21e9ef71e1291183a46b913ae6f2', 'mahasiswa'),
('21120118130048', 'ZOLAN DEVI KHOIRUNNISA', 'dd4b21e9ef71e1291183a46b913ae6f2', 'mahasiswa'),
('21120118130049', 'AZZAH AFIFAH VERONICA', 'dd4b21e9ef71e1291183a46b913ae6f2', 'mahasiswa'),
('21120118130051', 'SERAFINO', 'dd4b21e9ef71e1291183a46b913ae6f2', 'mahasiswa'),
('21120118130053', 'MUHAMAD FADHIL TSALATSA', 'dd4b21e9ef71e1291183a46b913ae6f2', 'mahasiswa'),
('21120118130054', 'MUHAMMAD HAFIZH NAFI`AN SYAH', 'dd4b21e9ef71e1291183a46b913ae6f2', 'mahasiswa'),
('21120118130055', 'ALVIN ARRAZY', 'dd4b21e9ef71e1291183a46b913ae6f2', 'mahasiswa'),
('21120118130056', 'M. HANIF MULYAWAN', 'dd4b21e9ef71e1291183a46b913ae6f2', 'mahasiswa'),
('21120118130057', 'BENECDITUS STEVEN HANANTYO', 'dd4b21e9ef71e1291183a46b913ae6f2', 'mahasiswa'),
('21120118130058', 'MUHAMMAD RIZIQ YAHYA', 'dd4b21e9ef71e1291183a46b913ae6f2', 'mahasiswa'),
('21120118130059', 'FIRSTA ADI PRADANA', 'dd4b21e9ef71e1291183a46b913ae6f2', 'mahasiswa'),
('21120118130060', 'NOVAL CHRISTIAN BAGARIANG', 'dd4b21e9ef71e1291183a46b913ae6f2', 'mahasiswa'),
('21120118130062', 'SHADDAM ALGHAFIQIH BAZDHA', 'dd4b21e9ef71e1291183a46b913ae6f2', 'mahasiswa'),
('21120118130063', 'KANZU KHAIRON ADLI', 'dd4b21e9ef71e1291183a46b913ae6f2', 'mahasiswa'),
('21120118130064', 'ALFA HUSNI MUBAROK', 'dd4b21e9ef71e1291183a46b913ae6f2', 'mahasiswa'),
('21120118130065', 'RISKA MARIETA', 'dd4b21e9ef71e1291183a46b913ae6f2', 'mahasiswa'),
('21120118130066', 'MUHAMMAD SYAHRIZAL FAUZI', 'dd4b21e9ef71e1291183a46b913ae6f2', 'mahasiswa'),
('21120118130068', 'LAKSANA IQBAL UTAMA', 'dd4b21e9ef71e1291183a46b913ae6f2', 'mahasiswa'),
('21120118130069', 'RANDI NUR ARDIANTO', 'dd4b21e9ef71e1291183a46b913ae6f2', 'mahasiswa'),
('21120118130070', 'DWI NUR PRASETIYO', 'dd4b21e9ef71e1291183a46b913ae6f2', 'mahasiswa'),
('21120118130072', 'DAVI ILZA ATHALLAH', 'dd4b21e9ef71e1291183a46b913ae6f2', 'mahasiswa'),
('21120118130073', 'ZAINUL MUTTAQIN', 'dd4b21e9ef71e1291183a46b913ae6f2', 'mahasiswa'),
('21120118130074', 'DAMARJATI RAHMANDARU', 'dd4b21e9ef71e1291183a46b913ae6f2', 'mahasiswa'),
('21120118130076', 'NABIL HANAN', 'dd4b21e9ef71e1291183a46b913ae6f2', 'mahasiswa'),
('21120118130077', 'DIMAS AUNUR MAJID', 'dd4b21e9ef71e1291183a46b913ae6f2', 'mahasiswa'),
('21120118130078', 'SEPTIAN NUGRAHA', 'dd4b21e9ef71e1291183a46b913ae6f2', 'mahasiswa'),
('21120118130080', 'MUHAMMAD DAFI RAMADHAN', 'dd4b21e9ef71e1291183a46b913ae6f2', 'mahasiswa'),
('21120118130082', 'YISREL INDRAWAN', 'dd4b21e9ef71e1291183a46b913ae6f2', 'mahasiswa'),
('21120118130084', 'THENDY CHANDRA HARITA', 'dd4b21e9ef71e1291183a46b913ae6f2', 'mahasiswa'),
('21120118130086', 'HAFIZ AGA ALTAMIS', 'dd4b21e9ef71e1291183a46b913ae6f2', 'mahasiswa'),
('21120118130088', 'ALDRIAN KRISDINATA', 'dd4b21e9ef71e1291183a46b913ae6f2', 'mahasiswa'),
('21120118130089', 'JULIANA SANTI', 'dd4b21e9ef71e1291183a46b913ae6f2', 'mahasiswa'),
('21120118130091', 'INDIRA ANANDA PUTRA UTAMA', 'dd4b21e9ef71e1291183a46b913ae6f2', 'mahasiswa'),
('21120118130095', 'MOHAMAD AMAR MA`RUF', 'dd4b21e9ef71e1291183a46b913ae6f2', 'mahasiswa'),
('21120118130096', 'ESTU NUR AINI', 'dd4b21e9ef71e1291183a46b913ae6f2', 'mahasiswa'),
('21120118130098', 'ADRIANSYAH PRASETYA NUGRAHA', 'dd4b21e9ef71e1291183a46b913ae6f2', 'mahasiswa'),
('21120118130103', 'NUR SALIM', 'dd4b21e9ef71e1291183a46b913ae6f2', 'mahasiswa'),
('21120118130104', 'DZAKWAN DIEGO PIENTHARA', 'dd4b21e9ef71e1291183a46b913ae6f2', 'mahasiswa'),
('21120118140042', 'MUHAMMAD ABDUL MAJID', 'dd4b21e9ef71e1291183a46b913ae6f2', 'mahasiswa'),
('21120118140043', 'ELANG PRASAKTI GHANI', 'dd4b21e9ef71e1291183a46b913ae6f2', 'mahasiswa'),
('21120118140044', 'MUHAMMAD AMRI HAKIM', 'dd4b21e9ef71e1291183a46b913ae6f2', 'mahasiswa'),
('21120118140050', 'FATHUR RAHMAN AR RASYID', 'dd4b21e9ef71e1291183a46b913ae6f2', 'mahasiswa'),
('21120118140052', 'DHIMAS RASYAD RAHARDIANTO', 'dd4b21e9ef71e1291183a46b913ae6f2', 'mahasiswa'),
('21120118140061', 'MUHAMMAD RISKI NUR FARIS', 'dd4b21e9ef71e1291183a46b913ae6f2', 'mahasiswa'),
('21120118140075', 'PRADANA EGA PUTRA', 'dd4b21e9ef71e1291183a46b913ae6f2', 'mahasiswa'),
('21120118140081', 'BAGUS RAMADHAN WINERA', 'dd4b21e9ef71e1291183a46b913ae6f2', 'mahasiswa'),
('21120118140083', 'MUHAMMAD FAZA IRKHAMSYAH', 'dd4b21e9ef71e1291183a46b913ae6f2', 'mahasiswa'),
('21120118140085', 'AMALIAH SAFITRI', 'dd4b21e9ef71e1291183a46b913ae6f2', 'mahasiswa'),
('21120118140087', 'AHMAD MIKAIL AFKAR', 'dd4b21e9ef71e1291183a46b913ae6f2', 'mahasiswa'),
('21120118140090', 'CAEREL STEVEN CHANDRA ARDHANA', 'dd4b21e9ef71e1291183a46b913ae6f2', 'mahasiswa'),
('21120118140092', 'YUSUF HAMMADI', 'dd4b21e9ef71e1291183a46b913ae6f2', 'mahasiswa'),
('21120118140093', 'TAUFIQ DIMAS RAHMINTORO', 'dd4b21e9ef71e1291183a46b913ae6f2', 'mahasiswa'),
('21120118140094', 'MILLEANO ADI SANTIKO', 'dd4b21e9ef71e1291183a46b913ae6f2', 'mahasiswa'),
('21120118140097', 'INDRA KURNIAWAN SANTOSO', 'dd4b21e9ef71e1291183a46b913ae6f2', 'mahasiswa'),
('21120118140100', 'FAUZANI GALIHJATI PRABOWO', 'dd4b21e9ef71e1291183a46b913ae6f2', 'mahasiswa'),
('21120118140102', 'DADIO SATRIOTOMO MUBIARTO', 'dd4b21e9ef71e1291183a46b913ae6f2', 'mahasiswa'),
('21120118170001', 'NOUVEL IZZA FARDANA', 'dd4b21e9ef71e1291183a46b913ae6f2', 'mahasiswa'),
('21120119100083', 'MUHAMMAD FARIS RIZQAN', 'dd4b21e9ef71e1291183a46b913ae6f2', 'mahasiswa'),
('21120119120001', 'Fiki Rilo Pambudi', 'dd4b21e9ef71e1291183a46b913ae6f2', 'mahasiswa'),
('21120119120002', 'Nisrina Shofa Nadifa', 'dd4b21e9ef71e1291183a46b913ae6f2', 'mahasiswa'),
('21120119120003', 'Nurhaidah', 'dd4b21e9ef71e1291183a46b913ae6f2', 'mahasiswa'),
('21120119120004', 'Shafiyah Huyai', 'dd4b21e9ef71e1291183a46b913ae6f2', 'mahasiswa'),
('21120119120005', 'Taufiqurrohman', 'dd4b21e9ef71e1291183a46b913ae6f2', 'mahasiswa'),
('21120119120006', 'Khairun Nisa Maulani', 'dd4b21e9ef71e1291183a46b913ae6f2', 'mahasiswa'),
('21120119120007', 'Cinka Sihaloho', 'dd4b21e9ef71e1291183a46b913ae6f2', 'mahasiswa'),
('21120119120008', 'Galih Saputra', 'dd4b21e9ef71e1291183a46b913ae6f2', 'mahasiswa'),
('21120119120010', 'Samuel Imanta Ginting', 'dd4b21e9ef71e1291183a46b913ae6f2', 'mahasiswa'),
('21120119120011', 'Syahrul Ramadhan', 'dd4b21e9ef71e1291183a46b913ae6f2', 'mahasiswa'),
('21120119120012', 'Anhar', 'dd4b21e9ef71e1291183a46b913ae6f2', 'mahasiswa'),
('21120119120013', 'Bagus Muhamad Iqbal', 'dd4b21e9ef71e1291183a46b913ae6f2', 'mahasiswa'),
('21120119120014', 'Erlin Sofia Sitohang', 'dd4b21e9ef71e1291183a46b913ae6f2', 'mahasiswa'),
('21120119120015', 'Chairullatif Aji Sadewa', 'dd4b21e9ef71e1291183a46b913ae6f2', 'mahasiswa'),
('21120119120016', 'Anggilia Nur Safitri', 'dd4b21e9ef71e1291183a46b913ae6f2', 'mahasiswa'),
('21120119120017', 'Hajime Yudha Iqbal Pranata', 'dd4b21e9ef71e1291183a46b913ae6f2', 'mahasiswa'),
('21120119120018', 'Desy Lusiana Sitompul', 'dd4b21e9ef71e1291183a46b913ae6f2', 'mahasiswa'),
('21120119120019', 'M. Gusti Maulana', 'dd4b21e9ef71e1291183a46b913ae6f2', 'mahasiswa'),
('21120119120020', 'Al Khawarismi Atma Pratama', 'dd4b21e9ef71e1291183a46b913ae6f2', 'mahasiswa'),
('21120119120021', 'Nathanael Zorens Yofeno Indrabudhi', 'dd4b21e9ef71e1291183a46b913ae6f2', 'mahasiswa'),
('21120119120022', 'Dimas Rafi', 'dd4b21e9ef71e1291183a46b913ae6f2', 'mahasiswa'),
('21120119120023', 'Nadia', 'dd4b21e9ef71e1291183a46b913ae6f2', 'mahasiswa'),
('21120119120024', 'Hana Adilah', 'dd4b21e9ef71e1291183a46b913ae6f2', 'mahasiswa'),
('21120119120025', 'Gunawan Prasetya', 'dd4b21e9ef71e1291183a46b913ae6f2', 'mahasiswa'),
('21120119120026', 'Aldi Mulyawan', 'dd4b21e9ef71e1291183a46b913ae6f2', 'mahasiswa'),
('21120119120027', 'Muhammad Ilzam Muhtaromi', 'dd4b21e9ef71e1291183a46b913ae6f2', 'mahasiswa'),
('21120119120028', 'Dheyan Rifai Bagaskoro', 'dd4b21e9ef71e1291183a46b913ae6f2', 'mahasiswa'),
('21120119120029', 'Mochamad Akbar Fachrezy', 'dd4b21e9ef71e1291183a46b913ae6f2', 'mahasiswa'),
('21120119120030', 'Paquita Putri Ababill', 'dd4b21e9ef71e1291183a46b913ae6f2', 'mahasiswa'),
('21120119120031', 'Brigita Lucrecia T.V. Sihombing', 'dd4b21e9ef71e1291183a46b913ae6f2', 'mahasiswa'),
('21120119120032', 'Adzra Fatikha', 'dd4b21e9ef71e1291183a46b913ae6f2', 'mahasiswa'),
('21120119120033', 'Donito Akbar Labaya', 'dd4b21e9ef71e1291183a46b913ae6f2', 'mahasiswa'),
('21120119120034', 'Saipul Anwar', 'dd4b21e9ef71e1291183a46b913ae6f2', 'mahasiswa'),
('21120119130035', 'Anadda Ferrell Ramadhan', 'dd4b21e9ef71e1291183a46b913ae6f2', 'mahasiswa'),
('21120119130038', 'Zulfa Fatah Akbar Ahmad', 'dd4b21e9ef71e1291183a46b913ae6f2', 'mahasiswa'),
('21120119130039', 'Muhammad Abinaya Isaqofi', 'dd4b21e9ef71e1291183a46b913ae6f2', 'mahasiswa'),
('21120119130040', 'Helmy Zakiudin', 'dd4b21e9ef71e1291183a46b913ae6f2', 'mahasiswa'),
('21120119130042', 'Soffan Marsus Ahmad', 'dd4b21e9ef71e1291183a46b913ae6f2', 'mahasiswa'),
('21120119130043', 'Imana Tsaqif Ariyadi', 'dd4b21e9ef71e1291183a46b913ae6f2', 'mahasiswa'),
('21120119130044', 'Amezry Azmi Hanif Shidqi', 'dd4b21e9ef71e1291183a46b913ae6f2', 'mahasiswa'),
('21120119130045', 'Yusuf Hawasy', 'dd4b21e9ef71e1291183a46b913ae6f2', 'mahasiswa'),
('21120119130046', 'Sayid Miqdad', 'dd4b21e9ef71e1291183a46b913ae6f2', 'mahasiswa'),
('21120119130047', 'Reehan Putra Perdana', 'dd4b21e9ef71e1291183a46b913ae6f2', 'mahasiswa'),
('21120119130048', 'Hilmi Ahmad Dhiya`ulhaq', 'dd4b21e9ef71e1291183a46b913ae6f2', 'mahasiswa'),
('21120119130049', 'Lukman Ernandi', 'dd4b21e9ef71e1291183a46b913ae6f2', 'mahasiswa'),
('21120119130050', 'MOH. TAUFIK AFANDI', 'dd4b21e9ef71e1291183a46b913ae6f2', 'mahasiswa'),
('21120119130051', 'Dimas Seto Rizky Goenardi', 'dd4b21e9ef71e1291183a46b913ae6f2', 'mahasiswa'),
('21120119130052', 'I Wayan Widnya Pradipta', 'dd4b21e9ef71e1291183a46b913ae6f2', 'mahasiswa'),
('21120119130053', 'Muhammad Ishaq Matanggwan', 'dd4b21e9ef71e1291183a46b913ae6f2', 'mahasiswa'),
('21120119130054', 'Defin Friko Fahdani', 'dd4b21e9ef71e1291183a46b913ae6f2', 'mahasiswa'),
('21120119130055', 'Naufal Reyhan', 'dd4b21e9ef71e1291183a46b913ae6f2', 'mahasiswa'),
('21120119130056', 'Fadzil Ferdiawan', 'dd4b21e9ef71e1291183a46b913ae6f2', 'mahasiswa'),
('21120119130057', 'Alle Raditya Otodinata', 'dd4b21e9ef71e1291183a46b913ae6f2', 'mahasiswa'),
('21120119130058', 'Ilyasa Aliadjrun', 'dd4b21e9ef71e1291183a46b913ae6f2', 'mahasiswa'),
('21120119130061', 'Pramudya Anggara Picauly', 'dd4b21e9ef71e1291183a46b913ae6f2', 'mahasiswa'),
('21120119130062', 'Mochammad Pratama Wibawa', 'dd4b21e9ef71e1291183a46b913ae6f2', 'mahasiswa'),
('21120119130063', 'Kanya Azalia Andriyani', 'dd4b21e9ef71e1291183a46b913ae6f2', 'mahasiswa'),
('21120119130064', 'Muhammad Yafi Alhakim', 'dd4b21e9ef71e1291183a46b913ae6f2', 'mahasiswa'),
('21120119130065', 'Muhammad Dzulfiqar Rafli Anwar', 'dd4b21e9ef71e1291183a46b913ae6f2', 'mahasiswa'),
('21120119130066', 'Ega Oktabrianto', 'dd4b21e9ef71e1291183a46b913ae6f2', 'mahasiswa'),
('21120119130067', 'Farrel Ahmad Yudithia', 'dd4b21e9ef71e1291183a46b913ae6f2', 'mahasiswa'),
('21120119130068', 'RASYID MULIYA IRAWAN', 'dd4b21e9ef71e1291183a46b913ae6f2', 'mahasiswa'),
('21120119130069', 'Rio Amin Fathani', 'dd4b21e9ef71e1291183a46b913ae6f2', 'mahasiswa'),
('21120119130070', 'Indriawan Muhammad Akbar', 'dd4b21e9ef71e1291183a46b913ae6f2', 'mahasiswa'),
('21120119130071', 'Abdullah Azzam Farid Ma\'ruf', 'dd4b21e9ef71e1291183a46b913ae6f2', 'mahasiswa'),
('21120119130072', 'M. Farhan Athaullah', 'dd4b21e9ef71e1291183a46b913ae6f2', 'mahasiswa'),
('21120119130073', 'Liem Christopher Jaya Mulyawan', 'dd4b21e9ef71e1291183a46b913ae6f2', 'mahasiswa'),
('21120119130074', 'David Eddy Putra Pratama', 'dd4b21e9ef71e1291183a46b913ae6f2', 'mahasiswa'),
('21120119130075', 'Nuzulita Setiawati', 'dd4b21e9ef71e1291183a46b913ae6f2', 'mahasiswa'),
('21120119130076', 'Adam Abdur Rozaq', 'dd4b21e9ef71e1291183a46b913ae6f2', 'mahasiswa'),
('21120119130077', 'Karisa Zihni Lutfiana', 'dd4b21e9ef71e1291183a46b913ae6f2', 'mahasiswa'),
('21120119130078', 'Alif Nabil Musyaffa', 'dd4b21e9ef71e1291183a46b913ae6f2', 'mahasiswa'),
('21120119130079', 'Achmad Nazilul Fikri', 'dd4b21e9ef71e1291183a46b913ae6f2', 'mahasiswa'),
('21120119130080', 'Syekh Seif\' Izzul Khaq', 'dd4b21e9ef71e1291183a46b913ae6f2', 'mahasiswa'),
('21120119130081', 'Muhammad Haikal Ash Shidqi', 'dd4b21e9ef71e1291183a46b913ae6f2', 'mahasiswa'),
('21120119130082', 'Muhammad Anandito Rafiansyah', 'dd4b21e9ef71e1291183a46b913ae6f2', 'mahasiswa'),
('21120119130085', 'Ahmad Rafly Pradana', 'dd4b21e9ef71e1291183a46b913ae6f2', 'mahasiswa'),
('21120119130086', 'Daniel Parningotan Alexander Sibarani', 'dd4b21e9ef71e1291183a46b913ae6f2', 'mahasiswa'),
('21120119130087', 'Saifudin Nur Alfianto', 'dd4b21e9ef71e1291183a46b913ae6f2', 'mahasiswa'),
('21120119130088', 'Timothy Bagaskara Haullussy', 'dd4b21e9ef71e1291183a46b913ae6f2', 'mahasiswa'),
('21120119130089', 'Muhammad Ilham', 'dd4b21e9ef71e1291183a46b913ae6f2', 'mahasiswa'),
('21120119130090', 'Muhammad Farizan Kholis', 'dd4b21e9ef71e1291183a46b913ae6f2', 'mahasiswa'),
('21120119130091', 'ADE ILHAM MUSTOFA', 'dd4b21e9ef71e1291183a46b913ae6f2', 'mahasiswa'),
('21120119130094', 'Fachrul', 'dd4b21e9ef71e1291183a46b913ae6f2', 'mahasiswa'),
('21120119130095', 'YOHANES KUKUH NITI CAHYA BAGASKARA', 'dd4b21e9ef71e1291183a46b913ae6f2', 'mahasiswa'),
('21120119130096', 'Satria Bimantara Dharmawan', 'dd4b21e9ef71e1291183a46b913ae6f2', 'mahasiswa'),
('21120119130097', 'Yosef Satrio Aji', 'dd4b21e9ef71e1291183a46b913ae6f2', 'mahasiswa'),
('21120119130098', 'Kevin Ryo Pratama', 'dd4b21e9ef71e1291183a46b913ae6f2', 'mahasiswa'),
('21120119130100', 'Mudzik Al Fahri', 'dd4b21e9ef71e1291183a46b913ae6f2', 'mahasiswa'),
('21120119130101', 'Rasyad Akmal Risqullah', 'dd4b21e9ef71e1291183a46b913ae6f2', 'mahasiswa'),
('21120119130102', 'Muhammad Firmansyah', 'dd4b21e9ef71e1291183a46b913ae6f2', 'mahasiswa'),
('21120119130103', 'Adli Ra\'i Rafif', 'dd4b21e9ef71e1291183a46b913ae6f2', 'mahasiswa'),
('21120119130104', 'Benediktus Gilang Widhiatmoko', 'dd4b21e9ef71e1291183a46b913ae6f2', 'mahasiswa'),
('21120119130105', 'ARIEF SYAIFUDDIN', 'dd4b21e9ef71e1291183a46b913ae6f2', 'mahasiswa'),
('21120119130106', 'Agrian Rizqi Hibatullah', 'dd4b21e9ef71e1291183a46b913ae6f2', 'mahasiswa'),
('21120119130108', 'Erandri Mekel Ilyasa', 'dd4b21e9ef71e1291183a46b913ae6f2', 'mahasiswa'),
('21120119130109', 'Akmal Irfan Maulana', 'dd4b21e9ef71e1291183a46b913ae6f2', 'mahasiswa'),
('21120119130110', 'Maulana Ahmad Rodhi Alfian', 'dd4b21e9ef71e1291183a46b913ae6f2', 'mahasiswa'),
('21120119130111', 'PEGGY RAIHANNISA ZAKIYYAHANNAS', 'dd4b21e9ef71e1291183a46b913ae6f2', 'mahasiswa'),
('21120119130112', 'Fitri Mardiana', 'dd4b21e9ef71e1291183a46b913ae6f2', 'mahasiswa'),
('21120119130113', 'Andika Auli Ahbab Mahasin', 'dd4b21e9ef71e1291183a46b913ae6f2', 'mahasiswa'),
('21120119130115', 'Mohammad Rifqi Satriamas', 'dd4b21e9ef71e1291183a46b913ae6f2', 'mahasiswa'),
('21120119130116', 'Ilham Muhammad Daffa', 'dd4b21e9ef71e1291183a46b913ae6f2', 'mahasiswa'),
('21120119140084', 'HENRY HOYONO', 'dd4b21e9ef71e1291183a46b913ae6f2', 'mahasiswa'),
('21120119140092', 'MUHAMMAD ALIFA RAMDHAN', 'dd4b21e9ef71e1291183a46b913ae6f2', 'mahasiswa'),
('21120119140118', 'MUHAMMAD ILHAM WICAKSONO', 'dd4b21e9ef71e1291183a46b913ae6f2', 'mahasiswa'),
('21120119140119', 'RIZALDY IMAM KHADAFI', 'dd4b21e9ef71e1291183a46b913ae6f2', 'mahasiswa'),
('21120119140120', 'ABIMANYU PUTRO YULIANTO', 'dd4b21e9ef71e1291183a46b913ae6f2', 'mahasiswa'),
('21120119140121', 'ARYO BINATORO SRIE TANTO', 'dd4b21e9ef71e1291183a46b913ae6f2', 'mahasiswa'),
('21120119140122', 'ODDY RAMADHAN PUTRA WINATA', 'dd4b21e9ef71e1291183a46b913ae6f2', 'mahasiswa'),
('21120119140123', 'HAFSHAH QURRATA AYUN', 'dd4b21e9ef71e1291183a46b913ae6f2', 'mahasiswa'),
('21120119140124', 'FAUZAN ZAMAN', 'dd4b21e9ef71e1291183a46b913ae6f2', 'mahasiswa'),
('21120119140126', 'FAJAR RAHMANA RAJAB', 'dd4b21e9ef71e1291183a46b913ae6f2', 'mahasiswa'),
('21120119140127', 'APRIYANDRO TRIANDITO KUSUMO', 'dd4b21e9ef71e1291183a46b913ae6f2', 'mahasiswa'),
('21120119140129', 'MUHAMAD IKHSAN ARYA WIBOWO', 'dd4b21e9ef71e1291183a46b913ae6f2', 'mahasiswa'),
('21120119140130', 'FITRA ADINA NUZULIA', 'dd4b21e9ef71e1291183a46b913ae6f2', 'mahasiswa'),
('21120119140132', 'MAULANA CHAERUL ANWAR', 'dd4b21e9ef71e1291183a46b913ae6f2', 'mahasiswa'),
('21120119140133', 'ILHAM FARRAS ADNAWAN', 'dd4b21e9ef71e1291183a46b913ae6f2', 'mahasiswa'),
('21120119140134', 'MUHAMMAD DZIKRULLAH FARHAN', 'dd4b21e9ef71e1291183a46b913ae6f2', 'mahasiswa'),
('21120119140135', 'DAVA SAFGI INDRASWARA', 'dd4b21e9ef71e1291183a46b913ae6f2', 'mahasiswa'),
('21120119140136', 'MOHAMAD IQBAL AMRULLAH', 'dd4b21e9ef71e1291183a46b913ae6f2', 'mahasiswa'),
('21120119140138', 'MUKTI WIBOWO', 'dd4b21e9ef71e1291183a46b913ae6f2', 'mahasiswa'),
('21120119140141', 'AFIFA HUMAIRA', 'dd4b21e9ef71e1291183a46b913ae6f2', 'mahasiswa'),
('21120119140142', 'ROSELIN YOSEFA', 'dd4b21e9ef71e1291183a46b913ae6f2', 'mahasiswa'),
('21120119140143', 'FARISH RAHMAWAN', 'dd4b21e9ef71e1291183a46b913ae6f2', 'mahasiswa'),
('21120119140145', 'ELMAR LEONARD', 'dd4b21e9ef71e1291183a46b913ae6f2', 'mahasiswa'),
('21120119140146', 'MOH NUR MAKY ADNIN', 'dd4b21e9ef71e1291183a46b913ae6f2', 'mahasiswa');

-- --------------------------------------------------------

--
-- Struktur dari tabel `dosen`
--

CREATE TABLE `dosen` (
  `id_dosen` int(10) NOT NULL,
  `dosen` varchar(64) DEFAULT NULL
) ENGINE=InnoDB DEFAULT CHARSET=utf8;

--
-- Dumping data untuk tabel `dosen`
--

INSERT INTO `dosen` (`id_dosen`, `dosen`) VALUES
(1, 'Dr. R. Rizal Isnanto, S.T., M.M., M.T.'),
(2, 'Dr. Adian Fatchur Rochim, S.T., M.T.'),
(3, 'Agung Budi Prasetijo, S.T., M.I.T., Ph.D.'),
(4, 'Rinta Krida Lukmana, S.., M.T.'),
(5, 'Dr. Oky Dwi Nurhayati, S.T., M.T.'),
(6, 'Eko Didik Widianto, S.T., M.T.'),
(7, 'Kurniawan Teguh Martono, S.T., M.T.'),
(8, 'Ike Pertiwi Windasari, S.T., M.T.'),
(9, 'Adnan Fauzi, S.T., M.Kom.'),
(10, 'Dania Eridani, S.T., M.Eng.'),
(11, 'Yudi Eko Windarto, S.T., M.Kom.'),
(12, 'Risma Septiana, S.T., M.Eng.'),
(13, 'Kuntoro Adi Nugroho, S.T., M.Eng.');

-- --------------------------------------------------------

--
-- Struktur dari tabel `form`
--

CREATE TABLE `form` (
  `id_form` int(32) NOT NULL,
  `id_mhs` varchar(32) DEFAULT NULL,
  `id_smt` int(11) NOT NULL,
  `id_dosen` int(10) NOT NULL,
  `id_matkul` int(11) NOT NULL,
  `id_nilai` int(11) NOT NULL,
  `id_pernyataan` int(11) NOT NULL,
  `nim` varchar(32) NOT NULL,
  `nama` varchar(64) DEFAULT NULL,
  `smt` varchar(20) DEFAULT NULL,
  `dosen` varchar(64) DEFAULT NULL,
  `matkul` varchar(64) DEFAULT NULL,
  `total_nilai` varchar(32) DEFAULT NULL,
  `teks` text
) ENGINE=InnoDB DEFAULT CHARSET=latin1;

-- --------------------------------------------------------

--
-- Struktur dari tabel `mahasiswa`
--

CREATE TABLE `mahasiswa` (
  `id_mhs` varchar(32) NOT NULL,
  `nama_mhs` varchar(64) NOT NULL
) ENGINE=InnoDB DEFAULT CHARSET=latin1;

--
-- Dumping data untuk tabel `mahasiswa`
--

INSERT INTO `mahasiswa` (`id_mhs`, `nama_mhs`) VALUES
('21120113120038', 'MOHAMMAD FAHMI MAULANA'),
('21120113130073', 'GILANG DHIMAS YURISTA NUGRAHA'),
('21120113130080', 'AMMAR FADHIL AHMAD'),
('21120113130097', 'BAPTISTA VARANI YOVIE W.N.'),
('21120113130098', 'ADITYA RIZQI Y'),
('21120113140081', 'EKO PRASETYO'),
('21120114120023', 'HERDIANTO SETYO N'),
('21120114120031', 'RIZKI PUTRA PERDANA'),
('21120114120034', 'IKHSAN CHAKIM'),
('21120114120049', 'RIZKI OKTAVIA NINGRUM'),
('21120114130064', 'ELVINE PUTRA K'),
('21120114130069', 'YUSUF ABDUL HAKIM'),
('21120114130082', 'ARDIAN PRADIPTA'),
('21120114130086', 'SITI LINA SURYANINGSIH'),
('21120114130088', 'AYODYA ALIAN PURBA'),
('21120114130090', 'RAMOTI YOB SILALAHI'),
('21120114130091', 'RIZKY RANDA ISMAIL'),
('21120114130097', 'MELIA PRISCA HAPSARI'),
('21120114140099', 'MARIA VENI SANCTI WAEMAME'),
('21120114140104', 'AUZAN TOUVIANDI'),
('21120115120008', 'MUHAMMAD AFWAN'),
('21120115120010', 'SEPTIRIDHO PUTRA'),
('21120115120012', 'LATIPATUL HILMI'),
('21120115120036', 'FAJARIAH FITRIANI NASUTION'),
('21120115120039', 'MUCHAMMAD DWI CAHYO NUGROHO'),
('21120115120043', 'YOSUA AUDI NUGRAHA'),
('21120115130050', 'AGUNG EKA SAPUTRA'),
('21120115130054', 'MOCHAMAD FANDI'),
('21120115130060', 'ARENDARAMA DANUARTA'),
('21120115130061', 'MUHAMMAD RIFAI'),
('21120115130090', 'VLA CUSDI SIBARANI'),
('21120115140080', 'WAHYU WIJAYA KUSUMA'),
('21120115140083', 'BAYU DEWANTARA'),
('21120116120002', 'TENGKU KEMAL YUSRON HASIBUAN'),
('21120116120003', 'MUHAMMAD RIZKI NUR MAJIID'),
('21120116120004', 'EVITA CINDY SEPTIVIANI'),
('21120116120005', 'GUNTUR DWI CAHYONO'),
('21120116120006', 'MONANZARIFA YONANTA'),
('21120116120007', 'KORNELIUS SATRIA BUDIYANTO'),
('21120116120008', 'AGUSTIAWAN'),
('21120116120009', 'AHMAD SHOFIE HILMI'),
('21120116120010', 'MUTIARA VICTORINA M.'),
('21120116120011', 'RIO JULIAN AZIS PRATAMA'),
('21120116120012', 'RATNA YULI HIMAWATI'),
('21120116120013', 'HASYIM DAHLAN ATTAUFIQI'),
('21120116120014', 'FAISAL RIZKY RAHADIAN'),
('21120116120015', 'FAVO PERDANA HADIYANTO SAPUTRA'),
('21120116120016', 'AMARA RANINDHITA'),
('21120116120017', 'SEPTI NURNA ALFIANI'),
('21120116120018', 'AFIF SYARIFUDDIN YAHYA'),
('21120116120019', 'PRAWITO'),
('21120116120020', 'USMAN RALIH MUIS'),
('21120116120022', 'IRNAWATY ISABELLA SILALAHI'),
('21120116120023', 'EDHO SULENDA SATRIO PAMBUDI'),
('21120116120024', 'DEMARA RAMADHANI'),
('21120116120025', 'BUSYROO BUSYAIRIE'),
('21120116120027', 'MARTIN JOHAN SIAGIAN'),
('21120116120028', 'AHMAD RINDHONI'),
('21120116120029', 'LAILA NUR AINI'),
('21120116120031', 'NISRINA FAUZIAH'),
('21120116120032', 'PRIMUS WIDYA PRABANDONO'),
('21120116120033', 'MUHAMMAD IKHSAN'),
('21120116130035', 'ALFIAN AULIA FIRDAUS'),
('21120116130036', 'MUHAMMAD MUHARRIK AL-ISLAMY'),
('21120116130037', 'AKHMAD ALI SAJIDIN'),
('21120116130041', 'MUHAMAD KHODERI'),
('21120116130042', 'VANIA ARIYANI PRILIA PUTRI'),
('21120116130044', 'VERONIKA PUTRI INDAH BESTARI'),
('21120116130046', 'NADIA FEBRIANITA GUNARTO'),
('21120116130047', 'RENA VISI NURAINI'),
('21120116130048', 'FAHMI AZIZ TRIANTO'),
('21120116130049', 'MUHAMMAD HAFIZ TSALAVIN'),
('21120116130056', 'MUHAMMAD RIZKI'),
('21120116130057', 'ZAINIYATUS SA`ADAH'),
('21120116130059', 'AFIF WICAKSONO'),
('21120116130060', 'RIO KISNA EKA PUTRA'),
('21120116130061', 'YOGIE MEYSA TAMA'),
('21120116130063', 'FATURACHMAN ASYARI OKTAVIAN'),
('21120116130065', 'ADAM MAULIDANI'),
('21120116130066', 'KHOIRUNISA WIDYANINGRUM'),
('21120116130067', 'FAJAR RIZKI NAHARI'),
('21120116130075', 'ADE SAPUTRA'),
('21120116130076', 'DAUD DIMAS PRASETYO'),
('21120116130080', 'RAHARDIAN YOGATAMA'),
('21120116130084', 'SAIFULLAH FIKRI'),
('21120116140034', 'RATRI KUSUMASTUTI'),
('21120116140039', 'TENDI NUGERAHA WIJAYA'),
('21120116140045', 'HISYAM POHAN'),
('21120116140050', 'WILDAN AUFA HANIF BAGASSURYA'),
('21120116140051', 'NADYA ARUMDA'),
('21120116140053', 'ABDA RAFI HAMAMINATA'),
('21120116140054', 'MUHAMAD DODI ILYANA'),
('21120116140062', 'FAHMI MAGHRIZAL MOCHTAR'),
('21120116140064', 'MUHAMMAD ADITYA NUGRAHA'),
('21120116140069', 'RIO LUTFI ADIPRADANA'),
('21120116140070', 'AZIZAH KAMALIA'),
('21120116140071', 'AGYAN ATMA VILLANTYA'),
('21120116140072', 'DIMAS LUHUR SULISTYA'),
('21120116140074', 'INTISHAR NUR ANNISA'),
('21120116140077', 'KELVIN JOHN RINGORINGO'),
('21120116140078', 'JEREMY KARISMA MESALINRI'),
('21120116140083', 'MALIK ABDURRAHMAN HAKIM'),
('21120116140087', 'MUHAMMAD TAQIYUDDIN'),
('21120116140088', 'ATHA DWIRA PERDANA'),
('21120117100037', 'FRANSISKA TEBAY'),
('21120117100038', 'LISA RUTH HYARANGGA'),
('21120117110001', 'GERALDI BYANTARA WISESA'),
('21120117120002', 'NARESWARI DYAH PUSPANINGRUM'),
('21120117120003', 'PRIO PAMBUDI'),
('21120117120004', 'RAFLI ADHIYAKSA PUTRA'),
('21120117120005', 'UMI KHOIRYATIN M S'),
('21120117120006', 'MAFTUKHAH DWI UTAMI'),
('21120117120007', 'KUKUH PRANATA SUGIARTO'),
('21120117120008', 'LUQMAN SETYO NUGROHO'),
('21120117120009', 'DONI HERMAWAN'),
('21120117120010', 'LAURENSIA DIVINA DEWI FORTUNA'),
('21120117120011', 'NAUFAL MUHAMMAD SHAFA'),
('21120117120012', 'NANDA HIDAYATULLAH ABADI'),
('21120117120013', 'MULAZI'),
('21120117120014', 'M IRFAN SYARIF H'),
('21120117120015', 'DIMAS PUTU GUMIWANG'),
('21120117120017', 'DIVIANIS OKTAVIYANI'),
('21120117120018', 'NURHADIYATUSSHOLIHAH'),
('21120117120019', 'CAKRAWATI'),
('21120117120020', 'DESY KRISDIAN REJO WORO ASTUTI'),
('21120117120021', 'RAMADHANI BATARI SYAH N'),
('21120117120022', 'HEIDI AMELLIE AYU ASTRIA'),
('21120117120023', 'HENI NURUL KHOLIFAH'),
('21120117120024', 'DWI SUPARDIYONO'),
('21120117120025', 'LITA MUFLIKHA'),
('21120117120026', 'OBED JECK GREDO TARIGAN'),
('21120117120027', 'RATNA NURUL FAJRIYA'),
('21120117120028', 'PETRICK JUBEL ELIEZER'),
('21120117120029', 'SISKAWATI SIANIPAR'),
('21120117120030', 'DINA LUSIANA'),
('21120117120031', 'M.GESIT ALIFANDI'),
('21120117120032', 'AYU NOVITA MEI ULAWATI'),
('21120117120033', 'FAJRUL FALAH'),
('21120117120034', 'ALDIO BANGKIT WIJAYA'),
('21120117130035', 'HEIDY NOVENDRA'),
('21120117130040', 'HIZKIA JOSEF ADI PRADANA'),
('21120117130041', 'DAFFA SHIDQI HARAMAINI'),
('21120117130044', 'MUHAMMAD AFISHAL FAKHRI'),
('21120117130045', 'MUHAMAD RIZAL DWI CAHYO'),
('21120117130046', 'YUSUF VALENT ADYATOMO'),
('21120117130047', 'NOVAZIRA. A.F'),
('21120117130048', 'NOBI KHARISMA'),
('21120117130049', 'YARNISH DWI SAGITA FIDARLIYAN'),
('21120117130050', 'ORYZA SATIFHA ANDESTI'),
('21120117130051', 'ALVIN ELIAN ABIYYI'),
('21120117130052', 'ANDHIKA FITRA SETYAWAN'),
('21120117130053', 'GAGAH PRISTIYAPUTRA'),
('21120117130054', 'JONATHAN IMAGO DEI GLORIAWAN'),
('21120117130055', 'TEDY ANGGI FIRDAUS'),
('21120117130056', 'OKKY NURNANDA PANGESTULARAS'),
('21120117130057', 'DIMAS ALDI KARTIKA'),
('21120117130058', 'M. SAYYIDUS SHALEH Y.'),
('21120117130059', 'TASYA CHANDRA ICHA PRATIWI'),
('21120117130060', 'FAIZ NOERDIYAN CESARA'),
('21120117130061', 'FIQRI ABDILAH'),
('21120117130063', 'ERIKA CLARA SIMANJUNTAK'),
('21120117130064', 'IRVAN RIFQI SYAEFULLOH'),
('21120117130066', 'DAROMY DAROJAT'),
('21120117130067', 'IKHSAN ACHMAD IRSYAD'),
('21120117130068', 'DINISYA ZALFA WAFI'),
('21120117130070', 'CHANDRA PURNAMA WIJAYA'),
('21120117130071', 'NUUR SIRAJUDDIN FARUQ'),
('21120117130072', 'KURNIASARI'),
('21120117130073', 'MUHAMMAD FACHRURROZY'),
('21120117130074', 'MUHAMMAD ULUL FADLI'),
('21120117130075', 'AFRIZAL BAGAS SANTOSO'),
('21120117130077', 'SETYO ADHI PURWITO'),
('21120117130078', 'MUHAMMAD FADHLI HISYAM'),
('21120117130079', 'AKHMAD ARIEF WIDODO'),
('21120117130081', 'FAIZA AWALIA'),
('21120117130082', 'TANGGUH TRI PRASETYO'),
('21120117130083', 'TANU PRAHATAMA HAFIYYAN'),
('21120117140002', 'IMAM GHOZALI'),
('21120117140003', 'M.RISQULLAH NAUFAL Y'),
('21120117140004', 'AGUNG BUDI PRAKOSO'),
('21120117140005', 'FARHAN MAZARIO'),
('21120117140007', 'M. RIZQI ALFANI'),
('21120117140008', 'ANGGARA DIEBRATA'),
('21120117140009', 'DITA ANANDA ELISA REVIANA'),
('21120117140010', 'ABBIYU KIRANA DISTIRA'),
('21120117140011', 'MUHAMMAD ZULFIKAR ISNANTO'),
('21120117140013', 'ANDRO ADHITA PRATAMA'),
('21120117140014', 'ARA FASAKA ARDANTA'),
('21120117140015', 'IRGANTARA ARDA PRATAMA'),
('21120117140016', 'MAHANI HALWA'),
('21120117140018', 'MOCH CHAMDAN ERBONO'),
('21120117140019', 'WAHYU AJI SULAIMAN'),
('21120117140020', 'ARYO ANINDYO ABHINOWO'),
('21120117140021', 'AFIF MAKRUF'),
('21120117140022', 'ELVITRO GUMELAR AGUNG'),
('21120117140023', 'RAMA FEBRIANSYAH'),
('21120117140024', 'ARYA NARADANA'),
('21120117140025', 'KURNIA LUQMAN MAJID'),
('21120117140026', 'JULIAN MANUEL'),
('21120117140027', 'JUAN ADHIASTA PRATAMA'),
('21120117140028', 'MUHAMMAD HANIF ATTHARIQ'),
('21120117140029', 'MUHAMMAD GILANG RAMADHAN'),
('21120117140030', 'YUDHI KASIH PASARIBU'),
('21120117140031', 'JEREMIA JOSEPH P'),
('21120117140032', 'MUSLIM'),
('21120118110001', 'AHMAD NAUFAL ATHAYA'),
('21120118110002', 'MUHAMMAD SYAFIQUL MAHDI'),
('21120118120003', 'BAGUS ANDHIKA KURNIA WIBOWO ANSORI'),
('21120118120004', 'DANANG ACHMAD FAUZI'),
('21120118120006', 'AFRINA AYU INSANI'),
('21120118120009', 'MUHAMMAD RIDWAN'),
('21120118120010', 'ALVIN ZULHAM FIRDANANTA'),
('21120118120011', 'WINDA NAIBAHO'),
('21120118120013', 'PATRICIA JUSTIN RUSTAM'),
('21120118120014', 'LINA AULIA'),
('21120118120016', 'MICHAEL NATHAN'),
('21120118120017', 'MUHAMMAD EDI ILFA'),
('21120118120018', 'MAULANA ILHAM MUDHIN GHOZALI'),
('21120118120019', 'MUHAMAD IRHAM MAULANA'),
('21120118120020', 'DESSINTA DWI RAHMADANI'),
('21120118120021', 'ALDY SUFRIYANTO'),
('21120118120022', 'KHUSNUL KHOTIMAH'),
('21120118120023', 'BERNITA FEBRIHATIN'),
('21120118120024', 'JEREMY MARTIN SIMANJUNTAK'),
('21120118120025', 'ALVIN ALVRAHESTA'),
('21120118120026', 'PUTRI ROHMAWATI'),
('21120118120027', 'AYUNDA MITA APRILIA'),
('21120118120028', 'AHMAD HUFRON'),
('21120118120029', 'ICHSAN ARSYI PUTRA'),
('21120118120030', 'ATIKA FAUZIYAH'),
('21120118120031', 'YUNITA ANDRIANA'),
('21120118120032', 'WAHYU LIGA SAPUTRA'),
('21120118120033', 'KHOLID SYAIFULLAH'),
('21120118120034', 'NORMA SAKINAH'),
('21120118120036', 'MUHAMMAD ADIB BOWO LAKSONO'),
('21120118120037', 'DWI NURFATMA'),
('21120118120038', 'KHOIRUN NISA\' AYU HANDAYANI'),
('21120118120039', 'WISNU ADI PRAMONO'),
('21120118120040', 'DEWINA PUTRI FIRMANI'),
('21120118130045', 'DEVAN ARGA MAHENDRA'),
('21120118130046', 'MUCHAMMAD IBNU MAULANA'),
('21120118130047', 'HILAL HANIEFAM'),
('21120118130048', 'ZOLAN DEVI KHOIRUNNISA'),
('21120118130049', 'AZZAH AFIFAH VERONICA'),
('21120118130051', 'SERAFINO'),
('21120118130053', 'MUHAMAD FADHIL TSALATSA'),
('21120118130054', 'MUHAMMAD HAFIZH NAFI`AN SYAH'),
('21120118130055', 'ALVIN ARRAZY'),
('21120118130056', 'M. HANIF MULYAWAN'),
('21120118130057', 'BENECDITUS STEVEN HANANTYO'),
('21120118130058', 'MUHAMMAD RIZIQ YAHYA'),
('21120118130059', 'FIRSTA ADI PRADANA'),
('21120118130060', 'NOVAL CHRISTIAN BAGARIANG'),
('21120118130062', 'SHADDAM ALGHAFIQIH BAZDHA'),
('21120118130063', 'KANZU KHAIRON ADLI'),
('21120118130064', 'ALFA HUSNI MUBAROK'),
('21120118130065', 'RISKA MARIETA'),
('21120118130066', 'MUHAMMAD SYAHRIZAL FAUZI'),
('21120118130068', 'LAKSANA IQBAL UTAMA'),
('21120118130069', 'RANDI NUR ARDIANTO'),
('21120118130070', 'DWI NUR PRASETIYO'),
('21120118130072', 'DAVI ILZA ATHALLAH'),
('21120118130073', 'ZAINUL MUTTAQIN'),
('21120118130074', 'DAMARJATI RAHMANDARU'),
('21120118130076', 'NABIL HANAN'),
('21120118130077', 'DIMAS AUNUR MAJID'),
('21120118130078', 'SEPTIAN NUGRAHA'),
('21120118130080', 'MUHAMMAD DAFI RAMADHAN'),
('21120118130082', 'YISREL INDRAWAN'),
('21120118130084', 'THENDY CHANDRA HARITA'),
('21120118130086', 'HAFIZ AGA ALTAMIS'),
('21120118130088', 'ALDRIAN KRISDINATA'),
('21120118130089', 'JULIANA SANTI'),
('21120118130091', 'INDIRA ANANDA PUTRA UTAMA'),
('21120118130095', 'MOHAMAD AMAR MA`RUF'),
('21120118130096', 'ESTU NUR AINI'),
('21120118130098', 'ADRIANSYAH PRASETYA NUGRAHA'),
('21120118130103', 'NUR SALIM'),
('21120118130104', 'DZAKWAN DIEGO PIENTHARA'),
('21120118140042', 'MUHAMMAD ABDUL MAJID'),
('21120118140043', 'ELANG PRASAKTI GHANI'),
('21120118140044', 'MUHAMMAD AMRI HAKIM'),
('21120118140050', 'FATHUR RAHMAN AR RASYID'),
('21120118140052', 'DHIMAS RASYAD RAHARDIANTO'),
('21120118140061', 'MUHAMMAD RISKI NUR FARIS'),
('21120118140075', 'PRADANA EGA PUTRA'),
('21120118140081', 'BAGUS RAMADHAN WINERA'),
('21120118140083', 'MUHAMMAD FAZA IRKHAMSYAH'),
('21120118140085', 'AMALIAH SAFITRI'),
('21120118140087', 'AHMAD MIKAIL AFKAR'),
('21120118140090', 'CAEREL STEVEN CHANDRA ARDHANA'),
('21120118140092', 'YUSUF HAMMADI'),
('21120118140093', 'TAUFIQ DIMAS RAHMINTORO'),
('21120118140094', 'MILLEANO ADI SANTIKO'),
('21120118140097', 'INDRA KURNIAWAN SANTOSO'),
('21120118140100', 'FAUZANI GALIHJATI PRABOWO'),
('21120118140102', 'DADIO SATRIOTOMO MUBIARTO'),
('21120118170001', 'NOUVEL IZZA FARDANA'),
('21120119100083', 'MUHAMMAD FARIS RIZQAN'),
('21120119120001', 'Fiki Rilo Pambudi'),
('21120119120002', 'Nisrina Shofa Nadifa'),
('21120119120003', 'Nurhaidah'),
('21120119120004', 'Shafiyah Huyai'),
('21120119120005', 'Taufiqurrohman'),
('21120119120006', 'Khairun Nisa Maulani'),
('21120119120007', 'Cinka Sihaloho'),
('21120119120008', 'Galih Saputra'),
('21120119120010', 'Samuel Imanta Ginting'),
('21120119120011', 'Syahrul Ramadhan'),
('21120119120012', 'Anhar'),
('21120119120013', 'Bagus Muhamad Iqbal'),
('21120119120014', 'Erlin Sofia Sitohang'),
('21120119120015', 'Chairullatif Aji Sadewa'),
('21120119120016', 'Anggilia Nur Safitri'),
('21120119120017', 'Hajime Yudha Iqbal Pranata'),
('21120119120018', 'Desy Lusiana Sitompul'),
('21120119120019', 'M. Gusti Maulana'),
('21120119120020', 'Al Khawarismi Atma Pratama'),
('21120119120021', 'Nathanael Zorens Yofeno Indrabudhi'),
('21120119120022', 'Dimas Rafi'),
('21120119120023', 'Nadia'),
('21120119120024', 'Hana Adilah'),
('21120119120025', 'Gunawan Prasetya'),
('21120119120026', 'Aldi Mulyawan'),
('21120119120027', 'Muhammad Ilzam Muhtaromi'),
('21120119120028', 'Dheyan Rifai Bagaskoro'),
('21120119120029', 'Mochamad Akbar Fachrezy'),
('21120119120030', 'Paquita Putri Ababill'),
('21120119120031', 'Brigita Lucrecia T.V. Sihombing'),
('21120119120032', 'Adzra Fatikha'),
('21120119120033', 'Donito Akbar Labaya'),
('21120119120034', 'Saipul Anwar'),
('21120119130035', 'Anadda Ferrell Ramadhan'),
('21120119130038', 'Zulfa Fatah Akbar Ahmad'),
('21120119130039', 'Muhammad Abinaya Isaqofi'),
('21120119130040', 'Helmy Zakiudin'),
('21120119130042', 'Soffan Marsus Ahmad'),
('21120119130043', 'Imana Tsaqif Ariyadi'),
('21120119130044', 'Amezry Azmi Hanif Shidqi'),
('21120119130045', 'Yusuf Hawasy'),
('21120119130046', 'Sayid Miqdad'),
('21120119130047', 'Reehan Putra Perdana'),
('21120119130048', 'Hilmi Ahmad Dhiya`ulhaq'),
('21120119130049', 'Lukman Ernandi'),
('21120119130050', 'MOH. TAUFIK AFANDI'),
('21120119130051', 'Dimas Seto Rizky Goenardi'),
('21120119130052', 'I Wayan Widnya Pradipta'),
('21120119130053', 'Muhammad Ishaq Matanggwan'),
('21120119130054', 'Defin Friko Fahdani'),
('21120119130055', 'Naufal Reyhan'),
('21120119130056', 'Fadzil Ferdiawan'),
('21120119130057', 'Alle Raditya Otodinata'),
('21120119130058', 'Ilyasa Aliadjrun'),
('21120119130061', 'Pramudya Anggara Picauly'),
('21120119130062', 'Mochammad Pratama Wibawa'),
('21120119130063', 'Kanya Azalia Andriyani'),
('21120119130064', 'Muhammad Yafi Alhakim'),
('21120119130065', 'Muhammad Dzulfiqar Rafli Anwar'),
('21120119130066', 'Ega Oktabrianto'),
('21120119130067', 'Farrel Ahmad Yudithia'),
('21120119130068', 'RASYID MULIYA IRAWAN'),
('21120119130069', 'Rio Amin Fathani'),
('21120119130070', 'Indriawan Muhammad Akbar'),
('21120119130071', 'Abdullah Azzam Farid Ma\'ruf'),
('21120119130072', 'M. Farhan Athaullah'),
('21120119130073', 'Liem Christopher Jaya Mulyawan'),
('21120119130074', 'David Eddy Putra Pratama'),
('21120119130075', 'Nuzulita Setiawati'),
('21120119130076', 'Adam Abdur Rozaq'),
('21120119130077', 'Karisa Zihni Lutfiana'),
('21120119130078', 'Alif Nabil Musyaffa'),
('21120119130079', 'Achmad Nazilul Fikri'),
('21120119130080', 'Syekh Seif\' Izzul Khaq'),
('21120119130081', 'Muhammad Haikal Ash Shidqi'),
('21120119130082', 'Muhammad Anandito Rafiansyah'),
('21120119130085', 'Ahmad Rafly Pradana'),
('21120119130086', 'Daniel Parningotan Alexander Sibarani'),
('21120119130087', 'Saifudin Nur Alfianto'),
('21120119130088', 'Timothy Bagaskara Haullussy'),
('21120119130089', 'Muhammad Ilham'),
('21120119130090', 'Muhammad Farizan Kholis'),
('21120119130091', 'ADE ILHAM MUSTOFA'),
('21120119130094', 'Fachrul'),
('21120119130095', 'YOHANES KUKUH NITI CAHYA BAGASKARA'),
('21120119130096', 'Satria Bimantara Dharmawan'),
('21120119130097', 'Yosef Satrio Aji'),
('21120119130098', 'Kevin Ryo Pratama'),
('21120119130100', 'Mudzik Al Fahri'),
('21120119130101', 'Rasyad Akmal Risqullah'),
('21120119130102', 'Muhammad Firmansyah'),
('21120119130103', 'Adli Ra\'i Rafif'),
('21120119130104', 'Benediktus Gilang Widhiatmoko'),
('21120119130105', 'ARIEF SYAIFUDDIN'),
('21120119130106', 'Agrian Rizqi Hibatullah'),
('21120119130108', 'Erandri Mekel Ilyasa'),
('21120119130109', 'Akmal Irfan Maulana'),
('21120119130110', 'Maulana Ahmad Rodhi Alfian'),
('21120119130111', 'PEGGY RAIHANNISA ZAKIYYAHANNAS'),
('21120119130112', 'Fitri Mardiana'),
('21120119130113', 'Andika Auli Ahbab Mahasin'),
('21120119130115', 'Mohammad Rifqi Satriamas'),
('21120119130116', 'Ilham Muhammad Daffa'),
('21120119140084', 'HENRY HOYONO'),
('21120119140092', 'MUHAMMAD ALIFA RAMDHAN'),
('21120119140118', 'MUHAMMAD ILHAM WICAKSONO'),
('21120119140119', 'RIZALDY IMAM KHADAFI'),
('21120119140120', 'ABIMANYU PUTRO YULIANTO'),
('21120119140121', 'ARYO BINATORO SRIE TANTO'),
('21120119140122', 'ODDY RAMADHAN PUTRA WINATA'),
('21120119140123', 'HAFSHAH QURRATA AYUN'),
('21120119140124', 'FAUZAN ZAMAN'),
('21120119140126', 'FAJAR RAHMANA RAJAB'),
('21120119140127', 'APRIYANDRO TRIANDITO KUSUMO'),
('21120119140129', 'MUHAMAD IKHSAN ARYA WIBOWO'),
('21120119140130', 'FITRA ADINA NUZULIA'),
('21120119140132', 'MAULANA CHAERUL ANWAR'),
('21120119140133', 'ILHAM FARRAS ADNAWAN'),
('21120119140134', 'MUHAMMAD DZIKRULLAH FARHAN'),
('21120119140135', 'DAVA SAFGI INDRASWARA'),
('21120119140136', 'MOHAMAD IQBAL AMRULLAH'),
('21120119140138', 'MUKTI WIBOWO'),
('21120119140141', 'AFIFA HUMAIRA'),
('21120119140142', 'ROSELIN YOSEFA'),
('21120119140143', 'FARISH RAHMAWAN'),
('21120119140145', 'ELMAR LEONARD'),
('21120119140146', 'MOH NUR MAKY ADNIN');

-- --------------------------------------------------------

--
-- Struktur dari tabel `matkul`
--

CREATE TABLE `matkul` (
  `id_matkul` int(10) NOT NULL,
  `matkul` varchar(64) DEFAULT NULL
) ENGINE=InnoDB DEFAULT CHARSET=latin1;

--
-- Dumping data untuk tabel `matkul`
--

INSERT INTO `matkul` (`id_matkul`, `matkul`) VALUES
(1, 'Bahasa Inggris'),
(2, 'Olahraga'),
(3, 'Pancasila'),
(4, 'Pendidikan Agama'),
(5, 'Dasar Komputer dan Pemrograman'),
(6, 'Fisika Dasar 1'),
(7, 'Kalkulus I'),
(8, 'Teknologi Informasi'),
(9, 'Kewarganegaraan'),
(10, 'Praktikum Dasar Komputer dan Pemrograman'),
(11, 'Praktikum Fisika Dasar I'),
(12, 'Algoritma dan Pemrograman'),
(13, 'Elektronika Dasar'),
(14, 'Fisika Dasar II'),
(15, 'Kalkulus II'),
(16, 'Konsep Jaringan Komputer'),
(17, 'Sistem Digital'),
(18, 'Kewirausahaan'),
(19, 'Praktikum Fisika Dasar II'),
(20, 'Praktikum Sistem Digital'),
(21, 'Dasar Sistem Kendali'),
(22, 'Matematika Teknik'),
(23, 'Organisasi Komputer'),
(24, 'Pengantar Perangkat Bergerak'),
(25, 'Sistem Operasi'),
(26, 'Struktur Data'),
(27, 'Teknik Antarmuka dan Periferal'),
(28, 'Teknik Mikroprosesor'),
(29, 'Praktikum Teknik Antarmuka dan Periferal'),
(30, 'Praktikum Teknik Mikroprosesor'),
(31, 'Arsitektur Komputer'),
(32, 'Jaringan Komputer I'),
(33, 'Kecakapan Antar Personal'),
(34, 'Kriptografi'),
(35, 'Metodologi Penelitian'),
(36, 'Pemrograman Perangkat Bergerak'),
(37, 'Sistem Basis Data'),
(38, 'Teknik Telekomunikasi Seluler'),
(39, 'Tranduser dan Sensor'),
(40, 'Praktikum Jaringan Komputer I'),
(41, 'Praktikum Pemrograman Perangkat Bergerak'),
(42, 'Praktikum SIstem Basis Data'),
(43, 'Bahasa Pemrograman Rakitan'),
(44, 'Jaringan Komputer II'),
(45, 'Pemrograman Berorientasi Objek'),
(46, 'Metode Numerik'),
(47, 'Probabilitas dan Statistik'),
(48, 'Rekayasa Perangkat Lunak'),
(49, 'Robotika'),
(50, 'Sisten Digital Lanjut'),
(51, 'Sistem Tertanam'),
(52, 'Praktikum Jaringan Komputer II'),
(53, 'Praktikum Rekayasa Perangkat Lunak'),
(54, 'Praktikum Robotika'),
(55, 'Praktikum Sistem Digital Lanjut'),
(56, 'Etika Profesi'),
(57, 'Jaringan Komputer Lanjut'),
(58, 'Kerja Praktek'),
(59, 'Multimedia'),
(60, 'Rekayasa Perangkat Lunak Berbasis Komponen'),
(61, 'Sistem Operasi Waktu Nyata'),
(62, 'Praktikum Jaringan Komputer Lanjut'),
(63, 'Praktkum Multimedia'),
(64, 'Praktikum Rekayasa Perangkat Lunak Berbasis Komponen'),
(65, 'Interaksi Manusia dan Komputer'),
(66, 'Manajemen Trafik'),
(67, 'Pemrograman Jaringan'),
(68, 'Kuliah Kerja Nyata'),
(69, 'Kuliah Kerja Lapangan'),
(70, 'Desain Sistem VLSI'),
(71, 'Jaringan Syaraf Tiruan'),
(72, 'Keamanan Jaringan Komputer'),
(73, 'Kecerdasan Buatan'),
(74, 'Logika Fuzzy'),
(75, 'Pemrograman Game'),
(76, 'Pemrograman Java'),
(77, 'Pengolahan CItra dan Penegenalan Pola'),
(78, 'Perencanaan Startegis Sistem dan Teknologi Informasi'),
(79, 'Sistem Informasi'),
(80, 'Sistem Terintegrasi'),
(81, 'Telekomunikasi Satelit'),
(82, 'Data Mining'),
(83, 'Grafika Komputer'),
(84, 'Keamanan Sistem Informasi'),
(85, 'Pemrograman Basis Data'),
(86, 'Pemrograman Berorientasi Objek Lanjut'),
(87, 'Pengenalan Ucapan'),
(88, 'Pengolahan Paralel'),
(89, 'Pengolahan Sinyal'),
(90, 'Perancangan Mikroprosesor'),
(91, 'Sistem Tertanam Terdistribusi');

-- --------------------------------------------------------

--
-- Struktur dari tabel `nilai`
--

CREATE TABLE `nilai` (
  `id_nilai` int(10) NOT NULL,
  `nilai` int(10) DEFAULT NULL
) ENGINE=InnoDB DEFAULT CHARSET=latin1;

--
-- Dumping data untuk tabel `nilai`
--

INSERT INTO `nilai` (`id_nilai`, `nilai`) VALUES
(1, 1),
(2, 2),
(3, 3),
(4, 4),
(5, 5);

-- --------------------------------------------------------

--
-- Struktur dari tabel `pernyataan`
--

CREATE TABLE `pernyataan` (
  `id_pernyataan` int(2) NOT NULL,
  `teks_pernyataan` text
) ENGINE=InnoDB DEFAULT CHARSET=utf8;

--
-- Dumping data untuk tabel `pernyataan`
--

INSERT INTO `pernyataan` (`id_pernyataan`, `teks_pernyataan`) VALUES
(1, 'Matakuliah memiliki RPS dan aturan yang disampaikan dengan jelas pada awal kuliah'),
(2, 'Rencana evaluasi perkuliahan atau penilaian telah disampaikan pada awal perkuliahan'),
(3, 'Diberikan referensi buku-buku atau sumber referensi di awal perkuliahan'),
(4, 'Telah disusun dan diberikan materi kuliah untuk mahasiswa (PPT, hand-out, Buku ajar, e-book, dll)'),
(5, 'Kuliah atau Praktikum dilaksanakan sesuai ketentuan (minimal 12 kali)'),
(6, 'Kuliah atau Praktikum didukung oleh fasilitas/sarana-prasarana penunjang yang memadai'),
(7, 'Hasil Ujian Tengah Semester, Tugas, Ujian Akhir Semester dibuat secara transparan'),
(8, 'Dosen yang mengajar menggunakan istilah yang mudah dipahami'),
(9, 'Dosen memberikan ilustrasi keterkaitan matakuliah menggunakan ilmu dan teknologi contoh-contoh aktual'),
(10, 'Isi matakuliah terorganisir dengan baik'),
(11, 'Dosen menyampaikan materi dengan menarik'),
(12, 'Dosen memberikan kesempatan bertanya pada mahasiswa'),
(13, 'Dosen menggunakan berbagai macam metode dalam menyampaikan materi'),
(14, 'Dosen menggunakan media pengajaran (LCD, Papan Tulis, dll) sesuai kebutuhan'),
(15, 'Dosen memberikan tugas yang relevan dengan materi kuliah'),
(16, 'Dosen bertutur-kata yang baik selama perkuliahan'),
(17, 'Penampilan dosen baik sikap dan perilaku memenuhi standar kesopanan'),
(18, 'Dosen menyampaikan pesan moral, etika, dan disiplin'),
(19, 'Dosen memulai dan mengakhiri perkuliahan sesuai dengan waktu yang telah ditentukan');

-- --------------------------------------------------------

--
-- Struktur dari tabel `semester`
--

CREATE TABLE `semester` (
  `id_smt` int(10) NOT NULL,
  `semester` varchar(20) DEFAULT NULL
) ENGINE=InnoDB DEFAULT CHARSET=latin1;

--
-- Dumping data untuk tabel `semester`
--

INSERT INTO `semester` (`id_smt`, `semester`) VALUES
(1, 'Semester 1'),
(2, 'Semester 2'),
(3, 'Semester 3'),
(4, 'Semester 4'),
(5, 'Semester 5'),
(6, 'Semester 6'),
(7, 'Semester 7'),
(8, 'Semester 8'),
(9, 'Semester 9'),
(10, 'Semester 10'),
(11, 'Semester 11'),
(12, 'Semester 12'),
(13, 'Semester 13'),
(14, 'Semester 14');

--
-- Indexes for dumped tables
--

--
-- Indeks untuk tabel `akun`
--
ALTER TABLE `akun`
  ADD PRIMARY KEY (`iduser`);

--
-- Indeks untuk tabel `dosen`
--
ALTER TABLE `dosen`
  ADD PRIMARY KEY (`id_dosen`);

--
-- Indeks untuk tabel `form`
--
ALTER TABLE `form`
  ADD PRIMARY KEY (`id_form`),
  ADD KEY `mhs` (`id_mhs`);

--
-- Indeks untuk tabel `mahasiswa`
--
ALTER TABLE `mahasiswa`
  ADD PRIMARY KEY (`id_mhs`);

--
-- Indeks untuk tabel `matkul`
--
ALTER TABLE `matkul`
  ADD PRIMARY KEY (`id_matkul`);

--
-- Indeks untuk tabel `nilai`
--
ALTER TABLE `nilai`
  ADD PRIMARY KEY (`id_nilai`);

--
-- Indeks untuk tabel `pernyataan`
--
ALTER TABLE `pernyataan`
  ADD PRIMARY KEY (`id_pernyataan`);

--
-- Indeks untuk tabel `semester`
--
ALTER TABLE `semester`
  ADD PRIMARY KEY (`id_smt`);

--
-- AUTO_INCREMENT untuk tabel yang dibuang
--

--
-- AUTO_INCREMENT untuk tabel `dosen`
--
ALTER TABLE `dosen`
  MODIFY `id_dosen` int(10) NOT NULL AUTO_INCREMENT, AUTO_INCREMENT=14;

--
-- AUTO_INCREMENT untuk tabel `form`
--
ALTER TABLE `form`
  MODIFY `id_form` int(32) NOT NULL AUTO_INCREMENT;

--
-- AUTO_INCREMENT untuk tabel `matkul`
--
ALTER TABLE `matkul`
  MODIFY `id_matkul` int(10) NOT NULL AUTO_INCREMENT, AUTO_INCREMENT=92;

--
-- AUTO_INCREMENT untuk tabel `nilai`
--
ALTER TABLE `nilai`
  MODIFY `id_nilai` int(10) NOT NULL AUTO_INCREMENT, AUTO_INCREMENT=6;

--
-- AUTO_INCREMENT untuk tabel `pernyataan`
--
ALTER TABLE `pernyataan`
  MODIFY `id_pernyataan` int(2) NOT NULL AUTO_INCREMENT, AUTO_INCREMENT=20;

--
-- AUTO_INCREMENT untuk tabel `semester`
--
ALTER TABLE `semester`
  MODIFY `id_smt` int(10) NOT NULL AUTO_INCREMENT, AUTO_INCREMENT=15;

--
-- Ketidakleluasaan untuk tabel pelimpahan (Dumped Tables)
--

--
-- Ketidakleluasaan untuk tabel `form`
--
ALTER TABLE `form`
  ADD CONSTRAINT `mhs` FOREIGN KEY (`id_mhs`) REFERENCES `mahasiswa` (`id_mhs`);
COMMIT;

/*!40101 SET CHARACTER_SET_CLIENT=@OLD_CHARACTER_SET_CLIENT */;
/*!40101 SET CHARACTER_SET_RESULTS=@OLD_CHARACTER_SET_RESULTS */;
/*!40101 SET COLLATION_CONNECTION=@OLD_COLLATION_CONNECTION */;
